features,corr filter,n features,AUC val,AUC cal,AUC tes,lowest 15% of cal: cancers,5% certifiable on that group
v1,off,8,0.736,0.751,0.695,5/78 (6.4%),False
v1,off,16,0.758,0.769,0.723,8/78 (10.3%),False
v1,off,32,0.768,0.768,0.738,5/78 (6.4%),False
v1,off,67,0.798,0.825,0.793,4/78 (5.1%),False
v2,off,8,0.763,0.731,0.723,11/78 (14.1%),False
v2,off,16,0.786,0.812,0.78,4/78 (5.1%),False
v2,off,32,0.801,0.823,0.803,4/78 (5.1%),False
v2,off,102,0.798,0.819,0.8,2/78 (2.6%),False
v1,|r| > 0.95,8,0.74,0.749,0.691,9/78 (11.5%),False
v1,|r| > 0.95,16,0.749,0.763,0.717,7/78 (9.0%),False
v1,|r| > 0.95,32,0.767,0.766,0.743,7/78 (9.0%),False
v1,|r| > 0.95,44,0.786,0.824,0.797,2/78 (2.6%),False
v2,|r| > 0.95,8,0.75,0.732,0.723,9/78 (11.5%),False
v2,|r| > 0.95,16,0.799,0.823,0.805,4/78 (5.1%),False
v2,|r| > 0.95,32,0.797,0.818,0.796,4/78 (5.1%),False
v2,|r| > 0.95,54,0.802,0.815,0.8,2/78 (2.6%),False
