sample_id,label,prob_malignant
trainval/695,0,0.3234252
trainval/1090,0,0.37804875
trainval/243,0,0.42167145
trainval/1198,0,0.5415661
trainval/27,0,0.23087513
trainval/514,0,0.47593963
trainval/2310,0,0.26809832
trainval/1914,0,0.3652622
trainval/1313,0,0.38118932
trainval/632,0,0.27287653
trainval/983,0,0.2653736
trainval/392,0,0.29632485
trainval/2212,1,0.56500036
trainval/1996,1,0.37167934
trainval/2102,1,0.7259788
trainval/232,0,0.2945437
trainval/1945,0,0.27956885
trainval/231,0,0.17726989
trainval/2716,1,0.73348576
trainval/2543,0,0.2701079
trainval/2045,1,0.73603135
trainval/2036,1,0.7644362
trainval/962,0,0.2978428
trainval/1706,0,0.42464566
trainval/18,0,0.3953041
trainval/1055,0,0.6315669
trainval/1243,0,0.61919665
trainval/1615,1,0.6881106
trainval/1036,0,0.31756565
trainval/2562,0,0.72872967
trainval/2293,0,0.48479167
trainval/2668,0,0.43231148
trainval/2388,0,0.3526078
trainval/2439,0,0.30390862
trainval/2318,0,0.76394653
trainval/188,0,0.38237587
trainval/373,0,0.30668378
trainval/116,0,0.2900783
trainval/195,0,0.32476574
trainval/2214,1,0.7001743
trainval/1749,0,0.7325796
trainval/1764,0,0.31415737
trainval/847,1,0.78009886
trainval/58,0,0.20299186
trainval/1455,1,0.23629457
trainval/563,0,0.2887391
trainval/913,1,0.7708375
trainval/1202,0,0.23339163
trainval/1490,1,0.50408137
trainval/30,0,0.4772462
trainval/1896,0,0.21378605
trainval/939,1,0.6780138
trainval/1755,0,0.4659602
trainval/683,0,0.17489572
trainval/1422,1,0.7549097
trainval/1433,1,0.75826395
trainval/52,0,0.27914664
trainval/1275,0,0.21167822
trainval/198,0,0.2970758
trainval/442,0,0.2900618
trainval/739,1,0.5448889
trainval/924,1,0.37730604
trainval/2538,0,0.5700418
trainval/2790,1,0.77877676
trainval/1324,0,0.31760812
trainval/1341,0,0.6611111
trainval/62,0,0.559543
trainval/215,0,0.62447
trainval/120,0,0.7537126
trainval/2729,1,0.8282674
trainval/2833,1,0.79951733
trainval/2014,1,0.6674758
trainval/1096,0,0.24034321
trainval/1763,0,0.3517752
trainval/2151,1,0.4986869
trainval/2368,0,0.23622835
trainval/2334,0,0.525068
trainval/961,0,0.34689105
trainval/1120,0,0.43632588
trainval/2267,1,0.58280456
trainval/2257,1,0.34212235
trainval/2797,1,0.59515697
trainval/2200,1,0.3731973
trainval/1061,0,0.23910257
trainval/681,0,0.21968733
trainval/1397,1,0.7965932
trainval/17,0,0.66099316
trainval/282,0,0.33317727
trainval/1732,0,0.67986465
trainval/2115,1,0.4594714
trainval/1943,0,0.2863487
trainval/492,0,0.32054842
trainval/2084,1,0.36682206
trainval/1477,1,0.77610195
trainval/2815,1,0.755642
trainval/1484,1,0.5098525
trainval/2863,1,0.7329696
trainval/2857,1,0.7358777
trainval/1863,0,0.7209769
trainval/137,0,0.38440898
trainval/2408,0,0.4101355
trainval/2396,0,0.7370658
trainval/0,0,0.37903097
trainval/1151,0,0.32258672
trainval/1773,0,0.71614087
trainval/1468,1,0.76246065
trainval/1787,0,0.34026518
trainval/434,0,0.37673822
trainval/390,0,0.46609983
trainval/2761,1,0.81059927
trainval/2721,1,0.65843344
trainval/1910,0,0.5337111
trainval/1759,0,0.20859303
trainval/118,0,0.2475212
trainval/261,0,0.6802553
trainval/1252,0,0.33039132
trainval/1980,0,0.6038919
trainval/1636,0,0.42426127
trainval/2162,1,0.34271532
trainval/2463,0,0.5719717
trainval/995,0,0.26801252
trainval/1209,0,0.3133259
trainval/1889,0,0.27786762
trainval/263,0,0.2998784
trainval/958,0,0.6075698
trainval/106,0,0.2916449
trainval/2565,0,0.27337646
trainval/1714,0,0.33957842
trainval/2118,1,0.47156474
trainval/462,0,0.26465216
trainval/2005,1,0.7868359
trainval/233,0,0.2261819
trainval/2278,1,0.38904408
trainval/928,1,0.75902206
trainval/1436,1,0.28861284
trainval/175,0,0.30626217
trainval/2223,1,0.7369381
trainval/728,1,0.69294834
trainval/1730,0,0.27078724
trainval/1675,0,0.37259582
trainval/2481,0,0.1876464
trainval/1963,0,0.33065692
trainval/2596,0,0.25720096
trainval/2337,0,0.48778087
trainval/2137,1,0.28771397
trainval/276,0,0.20145495
trainval/922,1,0.30654305
trainval/2802,1,0.70369446
trainval/1510,1,0.50386983
trainval/2245,1,0.45617068
trainval/229,0,0.3625111
trainval/1246,0,0.35529065
trainval/1637,0,0.2940563
trainval/609,0,0.34507737
trainval/856,1,0.30727485
trainval/46,0,0.7381605
trainval/2598,0,0.3126507
trainval/1295,0,0.26668066
trainval/1642,0,0.5853616
trainval/575,0,0.78573346
trainval/444,0,0.33812618
trainval/2674,1,0.50389403
trainval/1825,0,0.19265702
trainval/2244,1,0.7939633
trainval/1181,0,0.24157415
trainval/2168,1,0.60494626
trainval/1555,1,0.6329115
trainval/1448,1,0.7618032
trainval/1244,0,0.54858387
trainval/1118,0,0.20612878
trainval/2594,0,0.17376225
trainval/2526,0,0.3703252
trainval/2769,1,0.5006466
trainval/2403,0,0.65799695
trainval/1239,0,0.25719848
trainval/1425,1,0.71169966
trainval/1710,0,0.6574484
trainval/1866,0,0.24269283
trainval/860,1,0.6019375
trainval/343,0,0.24284904
trainval/1427,1,0.81912833
trainval/1466,1,0.80272424
trainval/1875,0,0.4456543
trainval/549,0,0.21382587
trainval/1662,0,0.27834633
trainval/2025,1,0.7034888
trainval/773,1,0.35810924
trainval/107,0,0.5569474
trainval/1452,1,0.37669635
trainval/1178,0,0.51334506
trainval/622,0,0.7779781
trainval/1623,0,0.56799906
trainval/1469,1,0.8021827
trainval/332,0,0.52976507
trainval/2216,1,0.62989765
trainval/2747,1,0.7533287
trainval/2453,0,0.25747716
trainval/2055,1,0.3776115
trainval/1069,0,0.26891857
trainval/114,0,0.24796884
trainval/2651,0,0.38529184
trainval/2510,0,0.22122261
trainval/1321,0,0.7739892
trainval/586,0,0.25788906
trainval/2868,1,0.3589169
trainval/432,0,0.27635798
trainval/1800,0,0.19477327
trainval/2715,1,0.7407497
trainval/273,0,0.3093104
trainval/2294,0,0.25767648
trainval/1492,1,0.49870527
trainval/414,0,0.6237593
trainval/1479,1,0.78436464
trainval/2289,0,0.25510445
trainval/765,1,0.2491372
trainval/2808,1,0.8052914
trainval/191,0,0.36332595
trainval/654,0,0.35777205
trainval/174,0,0.37187514
trainval/2684,1,0.6340233
trainval/1643,0,0.3808465
trainval/1734,0,0.75515795
trainval/1438,1,0.47301912
trainval/2680,1,0.8229412
trainval/1141,0,0.3429389
trainval/1290,0,0.2915629
trainval/684,0,0.75634795
trainval/2523,0,0.22223654
trainval/1372,0,0.33885214
trainval/2356,0,0.60455394
trainval/1305,0,0.337521
trainval/2139,1,0.7611364
trainval/1470,1,0.54377866
trainval/1343,0,0.19784965
trainval/342,0,0.36374012
trainval/2271,1,0.42183012
trainval/991,0,0.1990853
trainval/2789,1,0.24354729
trainval/2522,0,0.21401842
trainval/1805,0,0.1697402
trainval/1607,1,0.71233183
trainval/2265,1,0.79290783
trainval/1250,0,0.12508467
trainval/321,0,0.47858095
trainval/2448,0,0.69262725
trainval/1173,0,0.39798218
trainval/254,0,0.17981069
trainval/415,0,0.25086623
trainval/1782,0,0.70581543
trainval/1383,0,0.20595534
trainval/998,0,0.68030113
trainval/1318,0,0.8000802
trainval/2175,1,0.5854994
trainval/2181,1,0.22884038
trainval/2058,1,0.7949006
trainval/1745,0,0.30975658
trainval/2433,0,0.35025698
trainval/1417,1,0.7242476
trainval/2602,0,0.28237695
trainval/2286,0,0.6267429
trainval/1777,0,0.754853
trainval/1195,0,0.7139385
trainval/2644,0,0.53874564
trainval/2038,1,0.7299215
trainval/1630,0,0.34419057
trainval/1629,0,0.37638336
trainval/1176,0,0.3374507
trainval/1861,0,0.42660898
trainval/943,0,0.32555896
trainval/5,0,0.46329316
trainval/897,1,0.6915258
trainval/2299,0,0.5798365
trainval/1527,1,0.18769962
trainval/2386,0,0.34116852
trainval/967,0,0.6336276
trainval/2554,0,0.4581285
trainval/1384,0,0.7370358
trainval/1409,1,0.38847506
trainval/2351,0,0.43060267
trainval/1116,0,0.30282238
trainval/1798,0,0.32255435
trainval/2061,1,0.5596144
trainval/1631,0,0.29290265
trainval/565,0,0.7690618
trainval/2308,0,0.46398976
trainval/1194,0,0.30806133
trainval/182,0,0.33652744
trainval/2111,1,0.37852594
trainval/2648,0,0.5369537
trainval/972,0,0.42284313
trainval/224,0,0.43081278
trainval/2480,0,0.42583945
trainval/2100,1,0.7063796
trainval/271,0,0.22600046
trainval/2491,0,0.3463516
trainval/341,0,0.27991912
trainval/2346,0,0.29402807
trainval/719,1,0.52373886
trainval/340,0,0.57761484
trainval/679,0,0.2359041
trainval/2697,1,0.34303212
trainval/2534,0,0.70703053
trainval/2552,0,0.48379287
trainval/1595,1,0.42133334
trainval/1543,1,0.75110155
trainval/356,0,0.6413241
trainval/1339,0,0.48336834
trainval/1549,1,0.76389426
trainval/1119,0,0.24359535
trainval/1557,1,0.7916642
trainval/408,0,0.3520698
trainval/882,1,0.36433375
trainval/1150,0,0.6135204
trainval/993,0,0.2991095
trainval/1161,0,0.48957
trainval/1075,0,0.3854196
trainval/1989,0,0.22054823
trainval/2447,0,0.46090838
trainval/644,0,0.711012
trainval/997,0,0.24049932
trainval/2535,0,0.5908809
trainval/2379,0,0.7196431
trainval/1381,0,0.5524887
trainval/716,1,0.3582684
trainval/2776,1,0.6419028
trainval/706,1,0.74348855
trainval/1867,0,0.30795148
trainval/1528,1,0.25151414
trainval/238,0,0.35111693
trainval/531,0,0.63116866
trainval/1237,0,0.32980895
trainval/2046,1,0.7799417
trainval/879,1,0.6786463
trainval/1023,0,0.27025774
trainval/578,0,0.20639841
trainval/890,1,0.628668
trainval/179,0,0.17887548
trainval/2700,1,0.72898257
trainval/892,1,0.7486425
trainval/1499,1,0.7203656
trainval/2177,1,0.49055845
trainval/1605,1,0.738141
trainval/2288,0,0.29459238
trainval/2742,1,0.45771044
trainval/325,0,0.6873044
trainval/313,0,0.7866029
trainval/1784,0,0.18776226
trainval/2669,0,0.3838877
trainval/804,1,0.46403858
trainval/2071,1,0.4733378
trainval/1583,1,0.56022036
trainval/1647,0,0.30358773
trainval/1927,0,0.64070255
trainval/1304,0,0.55813
trainval/475,0,0.29552037
trainval/1083,0,0.79455316
trainval/2044,1,0.7520105
trainval/2282,1,0.19877997
trainval/2255,1,0.71077114
trainval/2683,1,0.34803364
trainval/324,0,0.823875
trainval/9,0,0.3836518
trainval/163,0,0.23020495
trainval/2317,0,0.6980587
trainval/2827,1,0.65024513
trainval/2383,0,0.7167263
trainval/2321,0,0.32522058
trainval/900,1,0.2748927
trainval/878,1,0.5921024
trainval/284,0,0.6912635
trainval/1221,0,0.7162079
trainval/1396,1,0.8240469
trainval/2039,1,0.38405395
trainval/970,0,0.68990463
trainval/2421,0,0.24269705
trainval/1203,0,0.6675361
trainval/2150,1,0.32645497
trainval/1680,0,0.29288763
trainval/1828,0,0.41172078
trainval/258,0,0.20033029
trainval/1137,0,0.21523501
trainval/2093,1,0.32977808
trainval/963,0,0.7253156
trainval/874,1,0.40037483
trainval/441,0,0.32705534
trainval/474,0,0.7599143
trainval/2107,1,0.35043028
trainval/2247,1,0.4279218
trainval/2871,1,0.23559014
trainval/839,1,0.4016642
trainval/2076,1,0.7353406
trainval/620,0,0.4059677
trainval/2206,1,0.22783488
trainval/642,0,0.49851325
trainval/2631,0,0.44170406
trainval/721,1,0.65572894
trainval/1328,0,0.5529192
trainval/2156,1,0.7660838
trainval/1474,1,0.49886742
trainval/1779,0,0.14355594
trainval/1374,0,0.667123
trainval/81,0,0.27268776
trainval/1186,0,0.23597546
trainval/577,0,0.49014482
trainval/1865,0,0.43705487
trainval/1157,0,0.7001056
trainval/564,0,0.5493759
trainval/2461,0,0.63565713
trainval/228,0,0.20243812
trainval/1159,0,0.42593712
trainval/2591,0,0.73444974
trainval/870,1,0.5420488
trainval/396,0,0.4379121
trainval/2449,0,0.26672754
trainval/2770,1,0.70503706
trainval/11,0,0.48359552
trainval/639,0,0.22890408
trainval/1264,0,0.6590819
trainval/2450,0,0.7713771
trainval/1189,0,0.22701406
trainval/945,0,0.65654093
trainval/808,1,0.38882878
trainval/2145,1,0.54734784
trainval/2848,1,0.1606644
trainval/959,0,0.64707243
trainval/1453,1,0.20894906
trainval/2854,1,0.48201597
trainval/2471,0,0.41902864
trainval/1684,0,0.55743265
trainval/763,1,0.7875889
trainval/1257,0,0.24951586
test/1,0,0.5112442
test/12,0,0.34668407
test/21,0,0.24084581
test/34,0,0.6057069
test/40,0,0.30394453
test/41,0,0.616795
test/48,0,0.38148823
test/50,0,0.49631077
test/64,0,0.195092
test/70,0,0.19960521
test/71,0,0.3181115
test/80,0,0.24789317
test/98,0,0.22515148
test/128,0,0.76013744
test/130,0,0.3531081
test/142,0,0.32504115
test/149,0,0.5820314
test/151,0,0.29591292
test/156,0,0.4686849
test/174,0,0.77797025
test/178,0,0.68586975
test/186,0,0.7664014
test/187,0,0.43359768
test/200,0,0.7342856
test/201,0,0.7526244
test/206,0,0.72367543
test/216,0,0.2244261
test/235,0,0.7259166
test/248,0,0.4682004
test/251,0,0.8103956
test/252,0,0.45199406
test/255,0,0.65112287
test/256,0,0.40241745
test/257,0,0.69808847
test/259,0,0.3905493
test/267,0,0.74669236
test/270,0,0.37916264
test/273,0,0.2653067
test/276,0,0.7550649
test/279,0,0.40955055
test/281,0,0.38873324
test/291,0,0.712768
test/303,0,0.2522439
test/306,0,0.48227638
test/312,0,0.80993724
test/325,0,0.7589736
test/331,0,0.18626922
test/337,0,0.80579746
test/343,0,0.7787701
test/346,0,0.6753362
test/349,0,0.42647412
test/350,0,0.2567052
test/357,0,0.629677
test/359,0,0.21156695
test/368,0,0.68321526
test/371,0,0.3999612
test/375,0,0.17298299
test/378,1,0.79879034
test/383,1,0.63526165
test/387,1,0.76077163
test/396,1,0.5797355
test/406,1,0.33252162
test/424,1,0.57221484
test/435,1,0.54147553
test/437,1,0.4454411
test/439,1,0.5492475
test/440,1,0.31950313
test/446,1,0.76248425
test/447,1,0.77176565
test/462,1,0.43239644
test/466,1,0.7016884
test/469,1,0.3220547
test/475,1,0.7917816
test/476,1,0.78719175
test/477,1,0.7440562
test/478,1,0.7572109
test/480,1,0.33677334
test/493,1,0.81115043
test/495,1,0.3732012
test/499,1,0.6961288
test/514,1,0.36520162
test/517,1,0.6835441
test/522,1,0.741746
test/524,1,0.6101555
test/527,1,0.5478175
test/530,1,0.53375834
test/531,1,0.35626313
test/552,1,0.78409785
test/568,1,0.7901437
test/573,1,0.19169155
test/578,1,0.42083704
test/597,1,0.49200925
test/602,1,0.62881476
