loss,grad_norm,learning_rate,epoch,step,eval_loss,eval_auc,eval_acc,eval_sensitivity,eval_runtime,eval_samples_per_second,eval_steps_per_second,train_runtime,train_samples_per_second,train_steps_per_second,total_flos,train_loss
0.6741254806518555,41.70451354980469,5.757575757575758e-05,0.15267175572519084,20,,,,,,,,,,,,
0.7701205730438232,26.690961837768555,9.997704230679036e-05,0.3053435114503817,40,,,,,,,,,,,,
0.7200425624847412,4.961794376373291,9.956949175836503e-05,0.4580152671755725,60,,,,,,,,,,,,
0.7593634605407715,44.805416107177734,9.865655417126374e-05,0.6106870229007634,80,,,,,,,,,,,,
0.6608113765716552,33.79389190673828,9.724753742433042e-05,0.7633587786259542,100,,,,,,,,,,,,
0.7258177280426026,12.571822166442871,9.535680718434755e-05,0.916030534351145,120,,,,,,,,,,,,
,,,1.0,131,0.6566430926322937,0.6467410247472987,0.6192660550458715,0.2251655629139073,125.3619,3.478,0.439,,,,,
0.7155232429504395,15.529406547546387,9.300364044050794e-05,1.0687022900763359,140,,,,,,,,,,,,
0.6487614631652832,13.660480499267578,9.021202896537155e-05,1.2213740458015268,160,,,,,,,,,,,,
0.8857057571411133,9.471212387084961,8.701043470612622e-05,1.3740458015267176,180,,,,,,,,,,,,
0.6904050350189209,14.335881233215332,8.343149960006695e-05,1.5267175572519083,200,,,,,,,,,,,,
0.6655622959136963,26.73291015625,7.951171277287774e-05,1.6793893129770994,220,,,,,,,,,,,,
0.7449862957000732,34.260738372802734,7.529103851280454e-05,1.83206106870229,240,,,,,,,,,,,,
0.8108115196228027,4.813557147979736,7.08125088137179e-05,1.984732824427481,260,,,,,,,,,,,,
,,,2.0,262,1.2095139026641846,0.6426397118624375,0.6536697247706422,0.0,125.3226,3.479,0.439,,,,,
0.8371126174926757,33.03378677368164,6.612178464130367e-05,2.1374045801526718,280,,,,,,,,,,,,
0.6758725643157959,2.013890266418457,6.126669039550325e-05,2.2900763358778624,300,,,,,,,,,,,,
0.6511727809906006,24.133596420288086,5.629672631560369e-05,2.4427480916030535,320,,,,,,,,,,,,
0.6642744541168213,57.84138870239258,5.1262563799264455e-05,2.595419847328244,340,,,,,,,,,,,,
0.7016101837158203,60.07664108276367,4.621552878096857e-05,2.7480916030534353,360,,,,,,,,,,,,
0.7214207172393798,60.61498260498047,4.120707843712656e-05,2.900763358778626,380,,,,,,,,,,,,
,,,3.0,393,0.6307360529899597,0.6873242709422562,0.6238532110091743,0.7218543046357616,125.3258,3.479,0.439,,,,,
0.6492364406585693,13.55296516418457,3.6288276553099976e-05,3.053435114503817,400,,,,,,,,,,,,
0.6942273139953613,7.645174503326416,3.15092729010535e-05,3.2061068702290076,420,,,,,,,,,,,,
0.6081061840057373,1.9923803806304932,2.6918791936652376e-05,3.3587786259541983,440,,,,,,,,,,,,
0.6651522159576416,14.935833930969238,2.256363602761115e-05,3.5114503816793894,460,,,,,,,,,,,,
0.6149259090423584,6.7619524002075195,1.8488208278939878e-05,3.66412213740458,480,,,,,,,,,,,,
0.657607126235962,48.8614616394043,1.473405981993558e-05,3.816793893129771,500,,,,,,,,,,,,
0.6181188106536866,30.64896011352539,1.133946616856591e-05,3.969465648854962,520,,,,,,,,,,,,
,,,4.0,524,0.63924640417099,0.702916230974788,0.658256880733945,0.36423841059602646,125.3416,3.478,0.439,,,,,
0.6303638458251953,43.68525695800781,8.33903699243322e-06,4.122137404580153,540,,,,,,,,,,,,
0.6436394691467285,5.511168956756592,5.76336324501095e-06,4.2748091603053435,560,,,,,,,,,,,,
0.632242488861084,23.30255889892578,3.6387052747842376e-06,4.427480916030534,580,,,,,,,,,,,,
0.5938262462615966,6.244384288787842,1.986725087185898e-06,4.580152671755725,600,,,,,,,,,,,,
0.5915748596191406,34.53959655761719,8.24265489058329e-07,4.732824427480916,620,,,,,,,,,,,,
0.6075385570526123,4.8901896476745605,1.6317836737955172e-07,4.885496183206107,640,,,,,,,,,,,,
,,,5.0,655,0.616536021232605,0.7055420006971069,0.6444954128440367,0.6754966887417219,125.4844,3.475,0.438,,,,,
,,,5.0,655,,,,,,,,10941.0531,0.957,0.06,2.09688193400832e+17,0.6830239361479082
