id,image_name,official_split,analysis_split,label,label_name,mask_source,original_shape2D_MajorAxisLength,original_glszm_HighGrayLevelZoneEmphasis,original_shape2D_Elongation,original_glcm_ClusterShade,original_firstorder_Range,original_glszm_LargeAreaHighGrayLevelEmphasis,original_shape2D_MaximumDiameter,original_firstorder_Maximum
1,0001.jpg,trainval,calibration,0,benign,ground_truth,0.7317062,0.9311178,0.10567568,-0.6370139,0.15758245,-0.014312207,0.89700395,0.9219626
13,0013.jpg,trainval,calibration,0,benign,ground_truth,-0.7245148,-1.0397336,1.7184047,-0.122797176,-1.2918109,-0.35385588,-0.68514067,-1.561224
14,0014.jpg,trainval,calibration,0,benign,ground_truth,0.29467633,2.700594,0.48224914,-0.77577776,0.06838901,0.45449266,0.39717758,0.35437712
19,0019.jpg,trainval,calibration,0,benign,ground_truth,-0.87681645,-0.33300298,0.37302384,0.84173304,1.0049201,-0.37016732,-0.8998548,0.87466383
20,0020.jpg,trainval,calibration,0,benign,ground_truth,0.8944906,2.0536819,0.70030147,-1.6485362,1.1387103,1.3543136,1.2135967,1.0165602
21,0021.jpg,trainval,calibration,0,benign,ground_truth,-1.2259876,-0.71150637,0.27646038,0.36239868,0.26907423,-0.72863036,-1.2797939,0.09423375
35,0035.jpg,trainval,calibration,0,benign,ground_truth,1.0525657,-0.29292074,1.2077788,-0.07349839,0.8488316,-0.58682704,1.1565657,0.70911807
37,0037.jpg,trainval,calibration,0,benign,ground_truth,0.858132,3.3784647,0.43786997,-0.6573182,1.0495168,1.9339708,1.0947361,1.0165602
40,0040.jpg,trainval,calibration,0,benign,ground_truth,-0.6660566,-0.1863185,0.19408222,0.9023149,-0.71205354,0.19858405,-0.7155216,0.9929108
53,0053.jpg,trainval,calibration,0,benign,ground_truth,0.6830649,0.9746962,0.3682503,1.1086609,1.0495168,-0.37590376,0.7037186,1.0165602
64,0064.jpg,trainval,calibration,0,benign,ground_truth,0.47195455,0.10159974,-0.40496406,-0.5890848,-0.39987653,0.025833847,0.45837718,-0.61524814
87,0087.jpg,trainval,calibration,0,benign,ground_truth,1.2163185,-0.52870876,0.8599881,0.53929496,0.625848,-0.03234736,1.3409073,0.4726241
91,0091.jpg,trainval,calibration,0,benign,ground_truth,0.43789873,1.7318851,1.2672052,0.81636643,1.1387103,1.2778383,0.5211472,1.0165602
93,0093.jpg,trainval,calibration,0,benign,ground_truth,0.18841684,1.767245,1.0766109,-0.44029346,1.1387103,-0.017004708,0.2114888,1.0165602
95,0095.jpg,trainval,calibration,0,benign,ground_truth,0.7272187,-0.5547371,-1.6716653,-0.14671586,0.09068737,-0.13879685,0.6942918,-0.09496143
112,0112.jpg,trainval,calibration,0,benign,ground_truth,0.6963522,0.80012506,-0.21449256,-0.5302103,0.3582677,0.63740253,0.6899358,0.33072773
116,0116.jpg,trainval,calibration,0,benign,ground_truth,0.5681714,1.416924,0.047186237,0.04592535,0.87112993,1.2436953,0.5588884,0.73276746
121,0121.jpg,trainval,calibration,0,benign,ground_truth,1.0042796,-0.20168994,-0.6944986,0.3086831,1.0495168,-0.40743104,0.950003,0.9219626
122,0122.jpg,trainval,calibration,0,benign,ground_truth,0.04748149,-0.2292687,0.8403487,-0.593247,0.8934283,-0.437911,0.15520744,0.75641686
143,0143.jpg,trainval,calibration,0,benign,ground_truth,-0.3714988,0.42303732,-0.4028399,-0.2807875,0.06838901,-0.32217094,-0.40479326,0.75641686
146,0146.jpg,trainval,calibration,0,benign,ground_truth,0.6306659,0.58121824,0.7146091,-0.10931534,1.0272185,-0.20895769,0.59486043,1.0165602
151,0151.jpg,trainval,calibration,0,benign,ground_truth,0.69723064,-0.5545619,-1.5575987,-0.71925545,-1.2026174,0.10841016,0.5890691,-1.4666264
159,0159.jpg,trainval,calibration,0,benign,ground_truth,-0.47243172,1.5757627,0.010808755,-0.7563259,0.06838901,0.22212856,-0.48317212,0.117883146
160,0160.jpg,trainval,calibration,0,benign,ground_truth,1.0948446,-0.31796107,-0.19304186,-0.59176743,-0.3106831,0.38835275,1.0693979,-0.44970238
161,0161.jpg,trainval,calibration,0,benign,ground_truth,0.427385,2.6342587,-1.070168,-2.185627,1.0718151,-0.16664444,0.359384,0.945612
166,0166.jpg,trainval,calibration,0,benign,ground_truth,0.4689823,0.4146779,1.2129284,-0.43531045,0.09068737,-0.10826779,0.5919667,-0.09496143
187,0187.jpg,trainval,calibration,0,benign,ground_truth,-1.118143,0.4247105,0.5478844,4.6555514,0.9603234,-0.6692493,-1.1491249,0.82736504
189,0189.jpg,trainval,calibration,0,benign,ground_truth,1.0135037,0.9937379,0.29142842,2.998657,0.9826217,-0.26118058,1.0230516,0.85101444
190,0190.jpg,trainval,calibration,0,benign,ground_truth,-0.7940198,1.8999666,-1.5817003,-0.46756408,0.49205783,-0.4620808,-0.83106965,0.6854687
200,0200.jpg,trainval,calibration,0,benign,ground_truth,1.1501447,-0.80223525,-1.0437549,-0.21170242,0.046090655,-0.37257853,1.0900003,-0.14226022
205,0205.jpg,trainval,calibration,0,benign,ground_truth,0.03198479,1.3385404,0.3794019,-0.75640327,0.71504146,-0.3750589,0.10175396,0.6381699
207,0207.jpg,trainval,calibration,0,benign,ground_truth,-0.88835794,-0.29484937,-1.5536063,0.30687535,-0.73435193,-0.32075655,-0.89903325,0.30707833
225,0225.jpg,trainval,calibration,0,benign,ground_truth,-0.7746316,-0.14175488,-0.7151216,0.17093667,-0.4221749,-0.3328616,-0.827734,-0.3551048
252,0252.jpg,trainval,calibration,0,benign,ground_truth,0.8323022,-0.29198077,-0.10606383,0.13834067,0.80423486,-0.13517028,0.81431425,0.6618193
253,0253.jpg,trainval,calibration,0,benign,ground_truth,1.4860249,1.4346567,-0.11560763,-0.07273749,1.1387103,0.70278186,1.7097332,1.0165602
268,0268.jpg,trainval,calibration,0,benign,ground_truth,0.16621521,0.87506366,-1.8515298,0.4431177,0.938025,-0.48831734,0.05143983,0.9692614
279,0279.jpg,trainval,calibration,0,benign,ground_truth,0.17270118,0.39080662,-0.4875424,-0.18041195,0.7819365,-0.32340714,0.24475013,0.6381699
295,0295.jpg,trainval,calibration,0,benign,ground_truth,-0.2755425,-0.2315712,0.7369957,-0.24075247,1.1164119,-0.38496304,-0.2980101,0.9929108
301,0301.jpg,trainval,calibration,0,benign,ground_truth,-1.2320536,0.020434186,1.2601409,0.090893425,0.15758245,-0.63628703,-1.2671523,0.87466383
304,0304.jpg,trainval,calibration,0,benign,ground_truth,-0.9862796,-1.3384105,-0.18037394,-0.5845371,-1.7154797,-0.5887859,-0.99159986,-2.0105627
315,0315.jpg,trainval,calibration,0,benign,ground_truth,-0.9809208,0.8727384,-0.6160295,0.07104061,-0.44447324,-0.3031863,-1.0159156,-0.09496143
320,0320.jpg,trainval,calibration,0,benign,ground_truth,-0.83350086,0.6236604,-1.5426177,4.3046856,1.0272185,-0.69868,-1.024476,0.8983132
340,0340.jpg,trainval,calibration,0,benign,ground_truth,-1.107914,-0.0198551,-0.72773015,-0.63148767,0.0014939348,-0.54959977,-1.1354871,-0.18955901
343,0343.jpg,trainval,calibration,0,benign,ground_truth,0.79692054,-0.99293995,0.6598666,-0.25869018,0.8934283,-0.6237865,0.926394,0.75641686
345,0345.jpg,trainval,calibration,0,benign,ground_truth,0.9573409,0.7496301,0.17180769,-0.788522,-0.9127388,0.51712346,1.0727217,-0.92269033
356,0356.jpg,trainval,calibration,0,benign,ground_truth,-0.34046468,-0.07360118,1.1446288,-0.5336673,-0.020804424,0.12972258,-0.30270153,-0.18955901
387,0387.jpg,trainval,calibration,0,benign,ground_truth,-0.27273282,1.2733972,1.3062,-0.486096,0.15758245,0.15569684,-0.23985997,-0.024013234
392,0392.jpg,trainval,calibration,0,benign,ground_truth,-0.0045976555,-0.37324852,0.79547447,0.75579745,0.24677588,0.50928295,0.011957862,0.21248074
397,0397.jpg,trainval,calibration,0,benign,ground_truth,-0.046716727,0.7328862,-0.823873,-1.1128085,-0.4221749,0.13404696,-0.14458038,-0.54429996
399,0399.jpg,trainval,calibration,0,benign,ground_truth,0.6830068,-0.90343684,0.6838517,0.25709772,1.1387103,0.29772505,0.7668246,1.0165602
401,0401.jpg,trainval,calibration,0,benign,ground_truth,-0.77545494,-0.86634874,-0.26147428,0.45147687,0.42516276,-0.5613972,-0.83522284,0.25977954
403,0403.jpg,trainval,calibration,0,benign,ground_truth,-0.97241694,-1.1402072,1.3182814,-0.39567608,-1.2472142,-0.6499916,-1.0022154,-1.5139252
406,0406.jpg,trainval,calibration,0,benign,ground_truth,-1.078661,-0.25639647,0.54373884,-0.19489115,0.023792295,-0.617153,-1.1155351,0.4962735
407,0407.jpg,trainval,calibration,0,benign,ground_truth,-0.47161815,-0.2936655,-0.5621423,0.21647055,0.53665453,-0.59649664,-0.4732909,0.37802652
437,0437.jpg,trainval,calibration,0,benign,ground_truth,1.4671501,-0.6111123,0.5830593,0.47031114,-0.0876995,0.58665633,1.5491773,-0.2841566
443,0443.jpg,trainval,calibration,0,benign,ground_truth,0.30870563,0.023855843,0.60273474,-0.00357475,0.58125126,-0.2530677,0.35229558,0.4253253
452,0452.jpg,trainval,calibration,0,benign,ground_truth,0.5910875,1.2497455,-0.85229945,-1.0618632,0.20217916,0.6317398,0.5244195,0.02328556
455,0455.jpg,trainval,calibration,0,benign,ground_truth,-1.3659804,0.28199056,0.44240272,-0.03482145,0.023792295,-0.7143838,-1.4201081,0.02328556
463,0463.jpg,trainval,calibration,0,benign,ground_truth,-0.041534167,0.14769249,-1.4046444,-0.64833033,-1.0688273,-0.12968288,-0.009562297,-0.85174215
466,0466.jpg,trainval,calibration,0,benign,ground_truth,-0.16336477,0.08997126,0.56809336,-0.68154013,-0.24378802,-0.19094595,-0.11149297,-0.44970238
469,0469.jpg,trainval,calibration,0,benign,ground_truth,-1.0434815,-0.32464418,-1.3645926,-0.010665782,0.11298573,-0.64589804,-1.0931787,0.28342894
470,0470.jpg,trainval,calibration,0,benign,ground_truth,0.23738427,-0.4612769,0.11725004,1.3322464,0.625848,-0.23689876,0.30620807,0.4726241
473,0473.jpg,trainval,calibration,0,benign,ground_truth,1.2318405,-0.6622445,-0.5316884,-0.078328334,0.71504146,-0.2952987,1.2072319,0.5672217
474,0474.jpg,trainval,calibration,0,benign,ground_truth,-1.3982962,-0.1228802,1.7097671,2.5113366,0.5589529,-0.74005383,-1.4352177,0.4489747
487,0487.jpg,trainval,calibration,0,benign,ground_truth,-0.79024047,0.44311365,-1.0098376,0.40809026,0.023792295,-0.44578975,-0.8126802,1.0165602
488,0488.jpg,trainval,calibration,0,benign,ground_truth,0.18902646,-0.15726511,0.21490943,-0.7070769,-0.84584373,-0.05453929,0.23122445,-0.87539154
508,0508.jpg,trainval,calibration,0,benign,ground_truth,1.1217315,-0.42880288,-0.41070852,-0.6722294,1.1387103,0.1775048,1.0932711,1.0165602
509,0509.jpg,trainval,calibration,0,benign,ground_truth,-0.42201805,0.35062593,-0.13111278,-1.0527937,0.44746113,-0.35408723,-0.41500288,0.35437712
510,0510.jpg,trainval,calibration,0,benign,ground_truth,-0.80722326,-0.3792044,0.5112467,0.30578184,1.0049201,-0.59326595,-0.8197086,0.87466383
517,0517.jpg,trainval,calibration,0,benign,ground_truth,-0.6624422,-0.76546854,-0.79080796,-0.6019052,-1.5593913,-0.1289435,-0.67385256,-1.1591843
520,0520.jpg,trainval,calibration,0,benign,ground_truth,-0.9449921,-1.1125034,-0.60464543,-0.7114023,-2.8303976,0.68994164,-0.9687686,-2.814642
521,0521.jpg,trainval,calibration,0,benign,ground_truth,-0.90274477,-1.5293014,-0.7926034,-0.70400065,-2.852696,-0.34181297,-0.9303203,-2.6017976
524,0524.jpg,trainval,calibration,0,benign,ground_truth,0.35434797,-0.4759498,-1.1076332,-0.733719,-1.7600764,0.80738866,0.39989358,-1.7267698
540,0540.jpg,trainval,calibration,0,benign,ground_truth,-1.3534529,0.0023605872,0.89263177,3.1698942,1.0941136,-0.7470435,-1.4026537,0.9929108
546,0546.jpg,trainval,calibration,0,benign,ground_truth,-0.11770893,0.20670654,1.1295921,-0.43234614,0.31367096,0.20219935,-0.05180266,0.37802652
550,0550.jpg,trainval,calibration,0,benign,ground_truth,-0.13354443,-0.6295948,-0.465038,0.5312258,0.24677588,-0.3403707,-0.17717722,0.07058436
559,0559.jpg,trainval,calibration,0,benign,ground_truth,0.9365741,-0.8685049,-0.93749315,-0.43635416,0.46975946,-0.345989,0.9534198,0.30707833
562,0562.jpg,trainval,calibration,0,benign,ground_truth,0.03207151,0.13871445,0.85477984,-0.69902414,-0.44447324,-0.54291415,0.10309856,-0.66254693
563,0563.jpg,trainval,calibration,0,benign,ground_truth,2.0421886,-0.28376654,-1.2275288,-0.46375942,0.44746113,0.050839,1.9861047,0.4016759
564,0564.jpg,trainval,calibration,0,benign,ground_truth,-0.29023454,1.6103066,1.6312137,-0.5396797,0.80423486,-0.39548287,-0.20203203,0.85101444
569,0569.jpg,trainval,calibration,0,benign,ground_truth,-0.6089296,-0.48183396,-0.58193606,0.34566727,-0.801247,-0.24140966,-0.6692792,-1.0409373
574,0574.jpg,trainval,calibration,0,benign,ground_truth,0.3675378,0.37521857,0.37459037,-0.6609451,-0.33298147,0.055051357,0.34777522,-0.54429996
577,0577.jpg,trainval,calibration,0,benign,ground_truth,-0.78840005,0.06685633,-0.31008846,2.69905,1.1164119,-0.61809736,-0.80694395,0.9929108
580,0580.jpg,trainval,calibration,0,benign,ground_truth,0.4804509,-0.44647622,1.5068382,0.6326309,0.87112993,0.13018183,0.59658116,0.73276746
606,0606.jpg,trainval,calibration,0,benign,ground_truth,1.8796865,-0.4192007,0.5859793,-0.66416264,-0.48906997,5.5918646,2.1293812,-0.7098457
625,0625.jpg,trainval,calibration,0,benign,ground_truth,0.3965652,-0.8332144,1.548322,-0.14747894,-0.4667716,1.0667535,0.49959445,-0.6861963
627,0627.jpg,trainval,calibration,0,benign,ground_truth,1.3255426,-0.6096829,-0.4855493,0.34082326,0.938025,0.32191974,1.3629656,0.80371565
639,0639.jpg,trainval,calibration,0,benign,ground_truth,0.93273544,-0.8948181,0.10826327,0.25058585,-0.3552798,1.2276195,0.9700239,-0.56794935
641,0641.jpg,trainval,calibration,0,benign,ground_truth,-0.45108414,-1.0081782,0.90521586,-0.47542343,-0.64515847,-0.5474605,-0.46567318,-0.87539154
646,0646.jpg,trainval,calibration,0,benign,ground_truth,-0.60620326,-0.27516183,0.14635012,-0.23459408,0.5589529,-0.4821186,-0.5819044,0.9929108
653,0653.jpg,trainval,calibration,0,benign,ground_truth,-1.0505906,0.3963533,1.4249918,0.3697552,0.5143562,-0.6044371,-1.0704846,0.4016759
655,0655.jpg,trainval,calibration,0,benign,ground_truth,1.2896895,0.5994901,0.20528749,1.2296368,0.60354966,0.3068185,1.5535848,1.0165602
656,0656.jpg,trainval,calibration,0,benign,ground_truth,-0.9561692,1.052206,1.6272107,-0.39229813,0.75963813,-0.5591574,-0.96476525,0.9219626
658,0658.jpg,trainval,calibration,0,benign,ground_truth,0.14843889,0.79673755,-0.63583785,-0.074627884,0.0014939348,0.47710446,0.24236305,0.73276746
683,0683.jpg,trainval,calibration,0,benign,ground_truth,1.5281816,-0.68043095,-0.09388791,0.2620712,0.938025,-0.13342695,1.5765748,0.80371565
685,0685.jpg,trainval,calibration,0,benign,ground_truth,0.37153918,-0.4383492,-1.4773391,0.5295466,0.023792295,-0.029311433,0.31417087,-0.16590962
686,0686.jpg,trainval,calibration,0,benign,ground_truth,1.5605097,-0.21019758,-1.8606825,0.42832997,1.1387103,-0.43345264,1.2978438,1.0165602
687,0687.jpg,trainval,calibration,0,benign,ground_truth,0.681351,-0.7888546,-1.0389379,0.118079074,0.53665453,-0.48395622,0.7811735,0.37802652
696,0696.jpg,trainval,calibration,0,benign,ground_truth,-1.3989047,-0.098856226,1.5496088,-0.053268697,-0.51136833,-0.7295688,-1.4388003,0.14153254
699,0699.jpg,trainval,calibration,1,malignant,ground_truth,-0.90039283,0.3123434,0.3081314,0.14195552,0.9826217,-0.4936531,-0.92201555,0.85101444
708,0708.jpg,trainval,calibration,1,malignant,ground_truth,0.1760725,-1.4200138,0.059330862,-0.52942187,1.1387103,-0.290704,0.15636262,1.0165602
710,0710.jpg,trainval,calibration,1,malignant,ground_truth,1.1709231,-0.89625025,0.21398681,0.40558052,0.53665453,-0.077030204,1.3055443,0.37802652
716,0716.jpg,trainval,calibration,1,malignant,ground_truth,-0.17966558,0.089578904,-0.22070026,0.9841563,0.8934283,-0.43874672,-0.17539543,0.75641686
717,0717.jpg,trainval,calibration,1,malignant,ground_truth,-0.60442495,0.43075484,0.033481475,0.744173,0.8488316,-0.5012895,-0.62132,0.70911807
724,0724.jpg,trainval,calibration,1,malignant,ground_truth,0.96869063,-0.25571874,0.86464494,-0.36861378,1.0495168,-0.33676252,1.0739281,0.945612
735,0735.jpg,trainval,calibration,1,malignant,ground_truth,-1.154512,0.64874995,1.2517297,1.0230715,1.0049201,-0.5732508,-1.160621,1.0165602
739,0739.jpg,trainval,calibration,1,malignant,ground_truth,-0.5289051,-0.30626526,0.5867931,-0.09513393,-0.15459459,0.28203177,-0.47637808,0.23613013
747,0747.jpg,trainval,calibration,1,malignant,ground_truth,1.1820326,0.4600918,1.1734223,0.1605245,0.7373398,0.17478271,1.3875881,0.5908711
762,0762.jpg,trainval,calibration,1,malignant,ground_truth,-1.1019825,-0.90258205,0.15828393,-0.55482584,-2.0499551,-0.5829772,-1.121544,-2.223407
772,0772.jpg,trainval,calibration,1,malignant,ground_truth,0.36814365,-0.8165705,-2.1114397,0.13695866,-0.95733553,-0.30353758,0.11412509,-0.9936385
780,0780.jpg,trainval,calibration,1,malignant,ground_truth,-0.7530009,-1.6118659,0.19573063,-0.6712225,-2.228342,-0.23466925,-0.79139996,-2.5544987
781,0781.jpg,trainval,calibration,1,malignant,ground_truth,0.5997551,-1.2076321,-0.5460258,-0.4212555,-0.24378802,-0.5581539,0.5457817,-0.44970238
782,0782.jpg,trainval,calibration,1,malignant,ground_truth,1.8883488,-1.0589918,-0.15490267,-0.13527471,-0.62286013,-0.25318462,1.9177955,-0.85174215
796,0796.jpg,trainval,calibration,1,malignant,ground_truth,-1.0832939,0.0954129,1.0736746,-0.13457066,-0.62286013,-0.5685526,-1.121544,-0.09496143
802,0802.jpg,trainval,calibration,1,malignant,ground_truth,0.91366124,1.7690818,1.1242067,3.583267,1.1387103,0.86379755,1.0998994,1.0165602
803,0803.jpg,trainval,calibration,1,malignant,ground_truth,-0.5066912,-0.49381813,0.61902505,0.3739389,1.1387103,-0.5587251,-0.49420556,1.0165602
813,0813.jpg,trainval,calibration,1,malignant,ground_truth,-0.0742344,0.6885559,-0.35157973,-0.48618522,1.1387103,0.20364802,-0.124626786,1.0165602
817,0817.jpg,trainval,calibration,1,malignant,ground_truth,-0.77367365,0.14550531,-1.1025583,-0.034150258,-0.22148965,-0.5236698,-0.83300203,0.4016759
822,0822.jpg,trainval,calibration,1,malignant,ground_truth,-1.0918168,2.424214,-1.0711336,-0.847971,-0.1991913,-0.46526846,-1.1322078,0.75641686
829,0829.jpg,trainval,calibration,1,malignant,ground_truth,-0.6008065,-0.25028569,0.24840507,0.10412882,1.1387103,-0.5311112,-0.63677555,1.0165602
837,0837.jpg,trainval,calibration,1,malignant,ground_truth,-0.31563166,-0.8266751,-0.6872067,-0.6717101,-1.2249159,-0.5832274,-0.3316388,-1.4902759
840,0840.jpg,trainval,calibration,1,malignant,ground_truth,0.5770673,-0.52995163,1.5908885,-0.5658866,0.64814633,-0.54276526,0.78798354,0.4962735
855,0855.jpg,trainval,calibration,1,malignant,ground_truth,-0.23003507,0.14913411,-0.8498493,-0.35480258,0.0014939348,0.1971512,-0.20630516,0.75641686
857,0857.jpg,trainval,calibration,1,malignant,ground_truth,0.85047054,-0.1773007,-0.08537155,0.99774677,1.1387103,0.11457093,0.8145181,1.0165602
859,0859.jpg,trainval,calibration,1,malignant,ground_truth,0.77283496,2.8364563,0.5982951,-0.6374023,1.1387103,0.6301835,0.79922837,1.0165602
871,0871.jpg,trainval,calibration,1,malignant,ground_truth,-0.18360078,-0.39889428,-0.23927979,-0.6590393,-1.2918109,0.03706077,-0.14514484,-0.9463397
874,0874.jpg,trainval,calibration,1,malignant,ground_truth,-0.13136841,3.1318145,0.53137654,-0.7401849,0.80423486,0.18722583,-0.15172859,0.82736504
900,0900.jpg,trainval,calibration,1,malignant,ground_truth,1.4672745,0.113274395,-0.28597388,-0.33006424,0.9603234,-0.12367386,1.7005728,0.82736504
902,0902.jpg,trainval,calibration,1,malignant,ground_truth,-0.97231185,-1.3536131,0.66421956,-0.4477626,-1.6485846,-0.63405955,-0.9861814,-1.9396144
912,0912.jpg,trainval,calibration,1,malignant,ground_truth,-0.54535687,-0.036707234,-0.25380468,-0.07926303,0.625848,-0.5414605,-0.4733893,0.4962735
914,0914.jpg,trainval,calibration,1,malignant,ground_truth,-1.1522044,0.42849103,1.1103883,0.03471282,0.9603234,-0.580989,-1.1854507,0.82736504
917,0917.jpg,trainval,calibration,1,malignant,ground_truth,-0.7739526,0.8360559,1.0605379,-0.35558054,0.9603234,-0.17494519,-0.77896017,0.82736504
919,0919.jpg,trainval,calibration,1,malignant,ground_truth,-1.0190444,1.7370476,0.52341056,0.36420044,0.91572666,-0.44656068,-1.0352181,0.78006625
938,0938.jpg,trainval,calibration,1,malignant,ground_truth,-0.9088956,-0.1334251,-0.7464141,0.15115824,0.44746113,-0.61873454,-0.96746916,0.30707833
944,0944.jpg,trainval,calibration,0,benign,ground_truth,-0.75776607,-0.96960086,-0.7534352,-0.06873704,0.91572666,-0.08242172,-0.76451474,0.78006625
948,0948.jpg,trainval,calibration,0,benign,ground_truth,0.051111966,1.2724526,-0.5154972,-0.7672897,0.023792295,0.04010209,0.016576279,-0.16590962
949,0949.jpg,trainval,calibration,0,benign,ground_truth,-0.9576036,0.881717,-0.4964672,0.9724964,0.17988081,-0.43600407,-1.0048368,0.5435723
965,0965.jpg,trainval,calibration,0,benign,ground_truth,-0.8325392,0.4094959,-0.04549534,-0.49721992,-0.44447324,-0.4149293,-0.8110701,0.5672217
972,0972.jpg,trainval,calibration,0,benign,ground_truth,-0.0069140242,0.78252995,1.5215391,-0.21769096,-0.24378802,0.45081463,0.20616838,-0.04766263
986,0986.jpg,trainval,calibration,0,benign,ground_truth,0.78950423,-1.159872,-0.7786565,-0.23082988,1.0495168,0.8478154,0.7677838,1.0165602
988,0988.jpg,trainval,calibration,0,benign,ground_truth,-0.7845849,-0.7256097,-0.0007024022,-0.75534445,-1.4701978,-0.283288,-0.81493944,-1.679471
993,0993.jpg,trainval,calibration,0,benign,ground_truth,0.31017008,-0.2710265,-0.7946394,-0.44127494,1.0941136,-0.20266013,0.2936861,0.9692614
994,0994.jpg,trainval,calibration,0,benign,ground_truth,-0.6305313,0.74042094,-0.46531686,-0.2688538,0.80423486,-0.47664073,-0.6487641,0.9219626
1004,1004.jpg,trainval,calibration,0,benign,ground_truth,-1.22524,0.51849514,-0.33430272,1.6524414,0.71504146,-0.68735456,-1.2682569,0.85101444
1014,1014.jpg,trainval,calibration,0,benign,ground_truth,0.4077425,-0.9335716,0.29149607,-0.6103227,-1.3364077,0.0933077,0.3649716,-1.6085228
1021,1021.jpg,trainval,calibration,0,benign,ground_truth,0.74492687,0.4109922,-0.30832684,-0.9387014,0.046090655,0.98813653,0.7374799,-0.024013234
1022,1022.jpg,trainval,calibration,0,benign,ground_truth,0.37288323,0.31643537,-1.6386427,-0.5349523,0.53665453,-0.40941095,0.2530306,0.73276746
1030,1030.jpg,trainval,calibration,0,benign,ground_truth,-1.2577795,-1.6403474,0.66110915,-0.7068691,-3.1871715,-0.5050006,-1.3099364,-3.5714228
1036,1036.jpg,trainval,calibration,0,benign,ground_truth,0.059867255,-0.39437935,-0.24822049,-0.18956564,-0.1991913,-0.092162125,0.04757612,-0.2605072
1047,1047.jpg,trainval,calibration,0,benign,ground_truth,0.6011791,0.8209363,0.42011634,-0.97720367,0.91572666,-0.3484507,0.58160114,0.85101444
1061,1061.jpg,trainval,calibration,0,benign,ground_truth,0.15729018,-0.68812656,0.12385048,0.04035006,-0.020804424,-0.20649225,0.21271284,-0.18955901
1067,1067.jpg,trainval,calibration,0,benign,ground_truth,0.67110217,0.34060508,-1.9977283,-0.14239693,1.0495168,-0.61544734,0.5057334,0.9219626
1079,1079.jpg,trainval,calibration,0,benign,ground_truth,-0.20420106,1.0505166,-1.1154538,-0.814108,0.5589529,-0.3070434,-0.2715676,0.70911807
1081,1081.jpg,trainval,calibration,0,benign,ground_truth,-1.1533424,0.85831237,0.5830042,-0.29043102,0.33596933,-0.62935406,-1.2001646,0.5435723
1083,1083.jpg,trainval,calibration,0,benign,ground_truth,-1.0614207,-0.86596495,1.5430909,-0.66849947,-2.0945518,-0.4175198,-1.0918671,-1.4902759
1086,1086.jpg,trainval,calibration,0,benign,ground_truth,0.6019602,2.149348,-0.7348787,0.81829965,1.1164119,0.049152587,0.56894195,1.0165602
1100,1100.jpg,trainval,calibration,0,benign,ground_truth,1.3072187,-1.0373186,-2.0724177,-0.506496,-1.425601,-0.3702228,1.0265775,-1.6085228
1106,1106.jpg,trainval,calibration,0,benign,ground_truth,-0.7087379,0.009260426,1.1447741,-0.3330296,0.26907423,-0.47917926,-0.73554707,0.18883134
1109,1109.jpg,trainval,calibration,0,benign,ground_truth,1.2986411,-0.74489284,1.0063984,-0.47521374,-0.71205354,2.670483,1.5591309,0.30707833
1112,1112.jpg,trainval,calibration,0,benign,ground_truth,0.9102451,-0.7961496,-0.06566244,-0.09365728,-0.6897552,0.17517461,0.8366241,-0.89904094
1116,1116.jpg,trainval,calibration,0,benign,ground_truth,0.45954534,-0.7587153,0.20950179,-0.5465699,-1.0465289,0.1676188,0.5057334,-0.63889754
1117,1117.jpg,trainval,calibration,0,benign,ground_truth,-0.45382446,-0.39197835,-0.5129578,-0.7458127,-1.9384633,0.16692302,-0.4793415,-1.2537819
1122,1122.jpg,trainval,calibration,0,benign,ground_truth,-0.31296512,0.10866012,0.18506068,0.9556343,0.8265332,-0.5364561,-0.28799516,0.73276746
1129,1129.jpg,trainval,calibration,0,benign,ground_truth,-0.56954867,0.1846576,-0.31920317,-0.9705901,-0.64515847,-0.28469023,-0.58418274,-0.7098457
1142,1142.jpg,trainval,calibration,0,benign,ground_truth,-1.017439,-0.11914219,-0.0014025123,0.9459052,0.33596933,-0.6528161,-1.0444311,0.945612
1143,1143.jpg,trainval,calibration,0,benign,ground_truth,-0.6381429,0.6761783,-0.44646147,-0.32140985,0.7819365,-0.51636493,-0.65115577,0.9692614
1148,1148.jpg,trainval,calibration,0,benign,ground_truth,1.6978629,-0.22688411,-1.8896986,0.08472877,-0.33298147,-0.2251218,2.0274343,-0.54429996
1157,1157.jpg,trainval,calibration,0,benign,ground_truth,1.6186231,-0.3721096,0.45386824,-0.37515306,-0.043102782,-0.050828993,1.6913874,-0.2368578
1159,1159.jpg,trainval,calibration,0,benign,ground_truth,-0.23155776,0.24179576,1.6841664,-0.79587835,-0.39987653,-0.25324517,-0.20128553,-0.61524814
1174,1174.jpg,trainval,calibration,0,benign,ground_truth,-0.11173101,-0.15477678,1.5817114,-0.539504,-0.020804424,-0.25765976,-0.03550127,0.5435723
1175,1175.jpg,trainval,calibration,0,benign,ground_truth,-0.8212845,0.41950864,-0.02331142,-0.27640808,0.91572666,-0.5082483,-0.84435844,0.78006625
1181,1181.jpg,trainval,calibration,0,benign,ground_truth,1.0668709,-0.6726675,0.13814072,0.33142972,1.0495168,0.16403125,1.0542755,0.9219626
1200,1200.jpg,trainval,calibration,0,benign,ground_truth,-0.11324115,-0.40853757,1.6934696,-0.15092817,0.33596933,-0.207937,-0.069884054,0.16518193
1201,1201.jpg,trainval,calibration,0,benign,ground_truth,0.41514102,-0.4959091,-0.077642635,-0.47488436,1.0495168,-0.18099818,0.34322524,0.945612
1202,1202.jpg,trainval,calibration,0,benign,ground_truth,0.64896387,0.6337347,-0.09650212,-0.124081686,0.9603234,0.0075918706,0.6133751,0.82736504
1205,1205.jpg,trainval,calibration,0,benign,ground_truth,-0.6331101,0.48231032,-0.42812368,-0.06560953,0.4028644,-0.53337425,-0.6454943,0.23613013
1237,1237.jpg,trainval,calibration,0,benign,ground_truth,-0.069767185,-0.6561724,-0.7190888,0.71967286,0.9603234,-0.5017055,-0.0821032,0.82736504
1241,1241.jpg,trainval,calibration,0,benign,ground_truth,-0.2302463,-0.70570326,-0.06366183,0.116431676,1.0495168,-0.5705041,-0.25838178,1.0165602
1242,1242.jpg,trainval,calibration,0,benign,ground_truth,-0.93781036,-0.30631554,-0.35001984,-0.5676197,-1.4478995,-0.22277212,-0.96005875,-1.5139252
1248,1248.jpg,trainval,calibration,0,benign,ground_truth,-0.15827166,-0.44242603,-0.50123197,0.9356896,1.0495168,-0.5473846,-0.19087447,0.9219626
1249,1249.jpg,trainval,calibration,0,benign,ground_truth,0.61378384,0.19633654,1.1110792,2.999245,1.0718151,-0.1231614,0.7048676,0.945612
1254,1254.jpg,trainval,calibration,0,benign,ground_truth,0.11981423,1.9817432,0.15267038,2.2947216,0.938025,-0.40329766,0.14643389,1.0165602
1257,1257.jpg,trainval,calibration,0,benign,ground_truth,0.13671501,-0.16662066,0.56567204,1.0680459,0.80423486,-0.20340914,0.12817073,0.70911807
1260,1260.jpg,trainval,calibration,0,benign,ground_truth,0.37192363,-0.6395096,-0.0697564,0.5949466,1.1387103,0.2892912,0.3300981,1.0165602
1261,1261.jpg,trainval,calibration,0,benign,ground_truth,1.1361607,-0.5111696,-1.5444881,0.8615119,1.1387103,-0.49794993,1.055933,1.0165602
1262,1262.jpg,trainval,calibration,0,benign,ground_truth,0.43561736,-0.7276879,0.72188497,0.38787112,1.1387103,1.0376327,0.5538444,1.0165602
1265,1265.jpg,trainval,calibration,0,benign,ground_truth,0.091579296,-0.08216487,-2.2857666,0.07967242,-0.15459459,-0.47992912,-0.14997697,-0.18955901
1266,1266.jpg,trainval,calibration,0,benign,ground_truth,-0.2677647,-0.21109483,-0.49829122,0.6817869,-0.043102782,-0.5250753,-0.27661866,-0.16590962
1274,1274.jpg,trainval,calibration,0,benign,ground_truth,0.39374784,-0.38310996,0.46742103,0.6751411,1.1387103,0.10008881,0.39324808,1.0165602
1285,1285.jpg,trainval,calibration,0,benign,ground_truth,2.1091025,-0.8777805,-0.42909205,-0.18027502,0.8265332,0.68522966,2.1325717,0.6854687
1290,1290.jpg,trainval,calibration,0,benign,ground_truth,1.2794445,-0.13768144,0.7913801,-0.4201228,1.1387103,0.110103935,1.3300312,1.0165602
1305,1305.jpg,trainval,calibration,0,benign,ground_truth,0.69608366,2.5792527,0.12058454,-0.6296229,1.1387103,0.88227105,1.0426449,1.0165602
1306,1306.jpg,trainval,calibration,0,benign,ground_truth,0.6017535,-0.6559875,-0.6252016,0.05715847,-0.24378802,-0.3134432,0.62616104,-0.44970238
1308,1308.jpg,trainval,calibration,0,benign,ground_truth,1.1574317,0.8769018,-1.010446,3.1021707,1.0049201,1.2884182,1.0436208,1.0165602
1312,1312.jpg,trainval,calibration,0,benign,ground_truth,-1.2546617,1.8512617,0.30524683,-0.033138953,0.91572666,-0.5254267,-1.3009194,0.8983132
1315,1315.jpg,trainval,calibration,0,benign,ground_truth,0.42059278,0.05473681,1.375562,-0.58653367,-0.0876995,2.1421936,0.5761399,0.6381699
1316,1316.jpg,trainval,calibration,0,benign,ground_truth,-1.2337086,0.2923599,-0.2370115,0.09713758,0.1352841,-0.6621088,-1.277211,0.16518193
1317,1317.jpg,trainval,calibration,0,benign,ground_truth,-1.3346813,-0.19074,0.21018353,0.11301825,0.7819365,-0.72004896,-1.3854702,0.78006625
1318,1318.jpg,trainval,calibration,0,benign,ground_truth,-1.0470564,0.6340227,1.0512272,1.7282847,0.91572666,-0.6416311,-1.0659851,0.9219626
1322,1322.jpg,trainval,calibration,0,benign,ground_truth,-1.0104305,0.74107796,0.027103584,0.9257478,0.80423486,-0.57986003,-1.0422732,0.9692614
1341,1341.jpg,trainval,calibration,0,benign,ground_truth,-0.9953836,-0.33122838,-0.2462107,2.0574708,0.80423486,-0.67380065,-1.0147021,0.6618193
1345,1345.jpg,trainval,calibration,0,benign,ground_truth,0.9170157,0.34863052,-0.552584,-0.62091494,0.17988081,-0.36619353,0.9387256,0.09423375
1350,1350.jpg,trainval,calibration,0,benign,ground_truth,0.030790128,0.8654931,-1.3320585,2.2799387,1.0495168,-0.20638807,0.030447446,1.0165602
1361,1361.jpg,trainval,calibration,0,benign,ground_truth,0.3794944,-0.22636478,0.15716478,0.063757546,1.1387103,-0.5588616,0.3748989,1.0165602
1369,1369.jpg,trainval,calibration,0,benign,ground_truth,1.0917642,-0.37061614,-0.10599109,-0.4154151,0.71504146,0.16297008,1.0177108,0.5672217
1372,1372.jpg,trainval,calibration,0,benign,ground_truth,0.5354031,0.07890656,-0.6282411,-0.03655232,1.1387103,-0.45921642,0.5916047,1.0165602
1382,1382.jpg,trainval,calibration,0,benign,ground_truth,0.88723594,4.5320854,-0.87183607,-1.0657587,0.8488316,-0.10944622,0.8040363,1.0165602
1389,1389.jpg,trainval,calibration,0,benign,ground_truth,1.8705623,-0.19077213,-0.1207069,0.84760857,0.7373398,4.106804,1.9232529,0.6381699
1397,1397.jpg,trainval,calibration,1,malignant,ground_truth,-1.0763375,0.002055989,1.2255973,2.1005383,0.938025,-0.6452953,-1.0633544,0.8983132
1398,1398.jpg,trainval,calibration,1,malignant,ground_truth,0.35920092,-0.91223866,-1.2343718,-0.64430594,-1.3810043,-0.32109368,0.36752024,-1.6558216
1408,1408.jpg,trainval,calibration,1,malignant,ground_truth,-0.6811895,-1.0502424,1.0620416,-0.5697684,-1.425601,-0.37764817,-0.6926861,-1.7031204
1417,1417.jpg,trainval,calibration,1,malignant,ground_truth,-0.33127165,-0.4158569,0.7173657,-0.5902971,-0.55596507,-0.27274185,-0.2783909,-0.7334951
1431,1431.jpg,trainval,calibration,1,malignant,ground_truth,-0.79771346,0.48445112,1.8958507,-0.64433116,-1.0911257,-0.11256745,-0.75201666,-0.85174215
1441,1441.jpg,trainval,calibration,1,malignant,ground_truth,-0.85979587,-0.05465359,1.4155809,0.9624496,1.0495168,-0.65852106,-0.8700308,1.0165602
1451,1451.jpg,trainval,calibration,1,malignant,ground_truth,-1.1373583,-0.16327482,-0.3902372,-0.51606506,-0.93503714,-0.5991366,-1.1785501,-0.47335178
1455,1455.jpg,trainval,calibration,1,malignant,ground_truth,0.2097148,-0.3904151,1.1844956,-0.6238254,1.1387103,-0.02315219,0.31741375,1.0165602
1460,1460.jpg,trainval,calibration,1,malignant,ground_truth,-0.11605561,-0.10709112,0.84103215,0.7636713,1.1387103,-0.42981154,-0.058195174,1.0165602
1465,1465.jpg,trainval,calibration,1,malignant,ground_truth,-1.2632061,0.37447456,1.1054524,0.13112038,-0.065401144,-0.60907716,-1.3037884,0.09423375
1471,1471.jpg,trainval,calibration,1,malignant,ground_truth,-0.58135515,-0.8335299,-0.7297553,-0.3066267,-0.33298147,-0.511903,-0.5842189,0.14153254
1473,1473.jpg,trainval,calibration,1,malignant,ground_truth,-1.0575156,-0.64187753,-1.6202122,-0.35574836,-1.0911257,-0.5778987,-1.094355,-0.63889754
1475,1475.jpg,trainval,calibration,1,malignant,ground_truth,-0.84023553,-0.24044225,-0.8528503,-0.7821528,-1.4478995,-0.058981292,-0.85074776,-1.0409373
1488,1488.jpg,trainval,calibration,1,malignant,ground_truth,0.17550248,-1.0914726,0.30277193,-0.11588618,-0.95733553,-0.13132884,0.13625543,-1.2064831
1499,1499.jpg,trainval,calibration,1,malignant,ground_truth,-0.50639415,-0.59660274,0.7482222,-0.608697,-0.801247,-0.4677298,-0.406903,-0.89904094
1505,1505.jpg,trainval,calibration,1,malignant,ground_truth,-1.0230397,-1.1460165,0.42112765,-0.45108598,-2.1614468,-0.6057442,-1.0594954,-2.4835505
1508,1508.jpg,trainval,calibration,1,malignant,ground_truth,0.05414862,-0.88774794,1.1172701,-0.6273789,-1.6262863,0.28908482,0.20024817,-1.7504193
1518,1518.jpg,trainval,calibration,1,malignant,ground_truth,-0.5432256,1.2055669,0.56023985,0.2908931,0.49205783,-0.53959066,-0.52984816,1.0165602
1529,1529.jpg,trainval,calibration,1,malignant,ground_truth,0.460513,-0.039384097,0.41221088,-0.68121415,-0.9127388,1.0811574,0.662826,-0.7334951
1531,1531.jpg,trainval,calibration,1,malignant,ground_truth,-0.706814,1.2530191,0.43498802,-0.007483207,0.046090655,-0.441897,-0.6327854,1.0165602
1542,1542.jpg,trainval,calibration,1,malignant,ground_truth,-0.44974038,-0.7817866,-0.52431566,-0.6831353,-1.8046732,-0.4599754,-0.3503368,-0.7807939
1544,1544.jpg,trainval,calibration,1,malignant,ground_truth,-0.7760173,-0.75872815,1.6455008,-0.17371361,-1.0465289,-0.45935002,-0.7356736,-1.1828337
1551,1551.jpg,trainval,calibration,1,malignant,ground_truth,-0.11738235,-0.6861186,-1.0043,0.18284084,-0.55596507,-0.21803673,-0.04757923,-0.7807939
1554,1554.jpg,trainval,calibration,1,malignant,ground_truth,0.01593359,-0.3062431,-1.782401,-0.7631077,-1.425601,0.10274839,-0.004038592,-0.92269033
1564,1564.jpg,trainval,calibration,1,malignant,ground_truth,1.3326746,-0.046523802,-2.1159449,-0.31835493,1.0049201,-0.419507,1.2513593,1.0165602
1565,1565.jpg,trainval,calibration,1,malignant,ground_truth,-0.88808846,-0.4223241,0.49736267,-0.6869605,-1.1803191,-0.44552076,-0.8872701,-1.32473
1567,1567.jpg,trainval,calibration,1,malignant,ground_truth,-1.2896363,-0.6460438,-0.26809597,-0.3178845,-1.7600764,-0.63476586,-1.3343788,-1.9632638
1597,1597.jpg,trainval,calibration,1,malignant,ground_truth,-0.40417647,0.21734416,1.1335421,0.012377861,0.7373398,-0.058885895,-0.3197447,0.6618193
1607,1607.jpg,trainval,calibration,1,malignant,ground_truth,-0.9483772,-0.29879102,0.46444649,2.6335833,1.0718151,-0.670897,-0.9209576,1.0165602
1620,1620.jpg,trainval,calibration,1,malignant,ground_truth,-0.89497495,-0.25394297,1.3231678,-0.5690748,-0.89044046,-0.4350751,-0.881832,-0.92269033
1625,1625.jpg,trainval,calibration,0,benign,ground_truth,-1.0900505,2.1345277,-1.4606897,1.6601278,1.0718151,-0.6118593,-1.1333234,0.945612
1627,1627.jpg,trainval,calibration,0,benign,ground_truth,0.17792591,0.3218311,0.39252684,-0.29417777,0.91572666,-0.08659941,0.18532212,1.0165602
1629,1629.jpg,trainval,calibration,0,benign,ground_truth,-0.79393804,-0.3208483,-0.034115683,-0.671864,-1.3364077,-0.36884573,-0.8333796,-0.7334951
1633,1633.jpg,trainval,calibration,0,benign,ground_truth,1.8836539,0.35683888,-1.071384,-0.8434588,-0.73435193,0.9479873,1.7858863,-0.9699891
1637,1637.jpg,trainval,calibration,0,benign,ground_truth,0.28672093,0.0070016077,0.68997663,-0.06738118,0.6704447,-0.17064548,0.26829666,0.6854687
1641,1641.jpg,trainval,calibration,0,benign,ground_truth,-1.2856598,-1.0368938,0.47496983,-0.35997525,-1.9607617,-0.63872916,-1.3342575,-1.6321722
1646,1646.jpg,trainval,calibration,0,benign,ground_truth,-0.6500107,1.2312722,0.78302515,-0.73198247,0.9603234,0.3954339,-0.6653536,0.82736504
1658,1658.jpg,trainval,calibration,0,benign,ground_truth,1.507184,-0.5924378,-0.45850128,0.16271922,0.06838901,0.12552041,1.4177896,-0.09496143
1670,1670.jpg,trainval,calibration,0,benign,ground_truth,0.69798887,-0.4943634,-1.7895228,-0.4012189,0.9826217,-0.19395015,0.6522923,1.0165602
1674,1674.jpg,trainval,calibration,0,benign,ground_truth,-0.4535622,1.0011656,-0.37304,6.4070296,1.1164119,-0.55397946,-0.47944042,0.9929108
1678,1678.jpg,trainval,calibration,0,benign,ground_truth,1.5352036,0.45896876,-1.3903542,-0.7773246,-0.28838474,0.11084303,1.5063193,-0.3787542
1682,1682.jpg,trainval,calibration,0,benign,ground_truth,1.7307543,-0.4774474,-0.013050975,0.49019364,0.06838901,2.7193124,1.8223298,-0.11861082
1687,1687.jpg,trainval,calibration,0,benign,ground_truth,0.5135234,1.8086332,0.6491342,-0.6287447,0.1352841,0.67176205,0.50103205,1.0165602
1688,1688.jpg,trainval,calibration,0,benign,ground_truth,-0.4472434,-0.63642824,0.71162397,-0.32263136,-0.86814207,-0.27877966,-0.4752605,0.14153254
1699,1699.jpg,trainval,calibration,0,benign,ground_truth,-0.22460803,0.5666304,-0.11528483,-0.6909658,-0.93503714,-0.28036547,-0.22990079,0.28342894
1716,1716.jpg,trainval,calibration,0,benign,ground_truth,-0.39030546,-0.28985986,-0.50283146,-0.46885714,1.0272185,-0.43976277,-0.4207987,0.9219626
1718,1718.jpg,trainval,calibration,0,benign,ground_truth,0.7436569,0.12576742,-1.2801056,-0.7749152,-1.358706,1.997964,0.74987924,-0.7571445
1721,1721.jpg,trainval,calibration,0,benign,ground_truth,0.61291915,-0.7128157,1.1564765,-0.36066362,-0.28838474,4.371804,0.7447852,-0.426053
1725,1725.jpg,trainval,calibration,0,benign,ground_truth,-1.3878975,-1.1822387,1.0194421,-0.6358016,-2.540519,-0.67974395,-1.4304727,-2.0815108
1731,1731.jpg,trainval,calibration,0,benign,ground_truth,-0.8567754,-0.668234,1.3227661,-0.68416524,-1.2249159,-0.5694286,-0.868451,-0.2841566
1732,1732.jpg,trainval,calibration,0,benign,ground_truth,-0.9457446,0.6894679,1.3560034,-0.43891078,0.33596933,-0.5868048,-0.96117646,0.87466383
1735,1735.jpg,trainval,calibration,0,benign,ground_truth,2.3503034,-1.1988081,-3.2203114,-0.42991644,0.38056603,-0.5417246,0.92175436,0.21248074
1769,1769.jpg,trainval,calibration,0,benign,ground_truth,-0.5015057,1.0846213,0.9473575,0.34955198,0.2913726,0.14198549,-0.49644497,0.28342894
1772,1772.jpg,trainval,calibration,0,benign,ground_truth,-1.1792598,-0.8314609,0.030851837,-0.5662733,-1.8938667,-0.5494599,-1.2216063,-2.1051602
1781,1781.jpg,trainval,calibration,0,benign,ground_truth,-0.5079621,2.5889301,1.1284227,-0.6899161,0.31367096,-0.171212,-0.49939287,0.4489747
1783,1783.jpg,trainval,calibration,0,benign,ground_truth,-0.45912752,-1.0947244,1.3079268,-0.3139037,1.1387103,0.677933,-0.48076,1.0165602
1786,1786.jpg,trainval,calibration,0,benign,ground_truth,1.9026989,0.072586566,-1.0705413,-0.68038845,0.9603234,-0.3562551,2.0135512,0.82736504
1787,1787.jpg,trainval,calibration,0,benign,ground_truth,0.36954835,-0.30202243,0.18637392,-0.28031993,1.0718151,-0.382975,0.4433694,1.0165602
1796,1796.jpg,trainval,calibration,0,benign,ground_truth,1.1088523,0.10798962,1.9176383,-0.38177723,0.87112993,-0.353397,1.452373,0.78006625
1807,1807.jpg,trainval,calibration,0,benign,ground_truth,1.0089053,0.6336713,-2.2896414,-0.71269476,0.42516276,0.7152333,0.87911147,0.33072773
1812,1812.jpg,trainval,calibration,0,benign,ground_truth,0.36745605,-0.16249734,0.2494721,0.90316564,0.80423486,1.2562044,0.38141412,0.6618193
1821,1821.jpg,trainval,calibration,0,benign,ground_truth,-0.9066261,-1.1777828,-0.23929821,-0.62846345,-1.1803191,-0.62607914,-0.9487597,-1.4429771
1829,1829.jpg,trainval,calibration,0,benign,ground_truth,0.2217765,1.6963071,-1.1059799,-0.75107235,0.4028644,-0.02325716,0.17563528,1.0165602
1838,1838.jpg,trainval,calibration,0,benign,ground_truth,-0.20917556,-0.2367959,0.6274498,-0.65440255,0.60354966,-0.5385572,-0.19203937,0.4489747
1840,1840.jpg,trainval,calibration,0,benign,ground_truth,0.22176695,-0.4767808,1.7229596,1.0085511,0.8265332,-0.50120705,0.26339647,0.6854687
1842,1842.jpg,trainval,calibration,0,benign,ground_truth,0.6171921,-0.12095213,0.9551882,-0.40927392,0.9603234,-0.2783843,0.6893907,0.9219626
1847,1847.jpg,trainval,calibration,0,benign,ground_truth,1.1041512,-1.3474078,-0.9589672,-0.5023339,-1.670883,-0.09121273,1.0342633,-1.9632638
1848,1848.jpg,trainval,calibration,0,benign,ground_truth,-1.0524571,0.6706037,0.15867084,-0.5622109,-0.55596507,-0.6429697,-1.0871291,-0.00036383688
1872,1872.jpg,trainval,calibration,0,benign,ground_truth,0.27396312,2.9802966,-0.5551041,-1.0860087,0.06838901,2.30756,0.24181175,-0.071312025
1873,1873.jpg,trainval,calibration,0,benign,ground_truth,-0.53069943,0.36453998,0.97202814,-0.7595989,0.15758245,-0.3415701,-0.53957105,0.07058436
1883,1883.jpg,trainval,calibration,0,benign,ground_truth,1.2970191,-0.034842458,-1.303074,-0.10967492,0.87112993,-0.4785647,0.9510582,0.8983132
1885,1885.jpg,trainval,calibration,0,benign,ground_truth,-1.1708311,-0.81748164,1.3560038,-0.5477699,-2.2060437,-0.44644815,-1.2006775,-2.1761084
1905,1905.jpg,trainval,calibration,0,benign,ground_truth,1.0848882,0.6225591,-0.38961357,-0.92634976,-0.065401144,-0.085496336,1.0885328,-0.2605072
1909,1909.jpg,trainval,calibration,0,benign,ground_truth,-0.18578489,0.031212443,-0.1627394,-0.49531344,1.0272185,-0.2519271,-0.1778066,1.0165602
1913,1913.jpg,trainval,calibration,0,benign,ground_truth,-0.298669,-0.8690165,0.07670718,-0.32158253,-0.55596507,-0.31758642,-0.34523773,-0.7807939
1934,1934.jpg,trainval,calibration,0,benign,ground_truth,1.8675947,-0.04344857,-2.0962195,-0.2244832,-0.17689294,0.12996465,1.6505858,-0.2605072
1937,1937.jpg,trainval,calibration,0,benign,ground_truth,0.23404479,-0.12030219,-0.50741434,0.65491194,0.11298573,0.8500458,0.20785344,-0.071312025
1953,1953.jpg,trainval,calibration,0,benign,ground_truth,1.2184474,1.958173,-1.6995792,-1.318167,1.1387103,0.6509712,0.9607877,1.0165602
1957,1957.jpg,trainval,calibration,0,benign,ground_truth,0.19712825,0.5526982,-0.04744652,-0.6451067,-0.95733553,0.5600868,0.20785344,0.4253253
1959,1959.jpg,trainval,calibration,0,benign,ground_truth,-0.56213117,0.15247767,0.2165639,-0.137107,0.91572666,-0.5042734,-0.5921042,0.82736504
1970,1970.jpg,trainval,calibration,0,benign,ground_truth,-1.0355473,-0.43158683,0.73088324,-0.17485154,0.58125126,-0.45260796,-1.054238,0.5199229
1974,1974.jpg,trainval,calibration,0,benign,ground_truth,-0.60576254,-0.31331697,1.1242915,0.3952409,1.1387103,-0.21145593,-0.62300915,1.0165602
1980,1980.jpg,trainval,calibration,0,benign,ground_truth,-0.27061987,1.2485714,2.0417254,-0.79301864,0.1352841,0.41753566,-0.20962554,0.4489747
1983,1983.jpg,trainval,calibration,0,benign,ground_truth,-0.5867181,0.7384929,1.5709678,-0.7337855,0.22447753,0.014712487,-0.5716934,0.4726241
1988,1988.jpg,trainval,calibration,0,benign,ground_truth,-0.40425813,0.108788975,0.39277485,-0.03813658,0.91572666,-0.5341062,-0.37637997,0.78006625
1996,1996.jpg,trainval,calibration,1,malignant,ground_truth,0.7153434,-0.77076334,1.3337533,-0.7050745,-0.62286013,0.111127414,0.86309165,-0.82809275
1999,1999.jpg,trainval,calibration,1,malignant,ground_truth,-0.49378064,-0.82028323,1.0655282,-0.6171107,-1.3141092,-0.30139935,-0.40194455,-1.4193276
2004,2004.jpg,trainval,calibration,1,malignant,ground_truth,-1.2101614,-0.12935297,1.2010227,0.38424075,0.938025,-0.6539942,-1.2389048,0.82736504
2008,2008.jpg,trainval,calibration,1,malignant,ground_truth,-0.2732308,-0.93211555,-1.5883706,-0.743129,-2.3175354,-0.3451209,-0.42337635,-2.459901
2012,2012.jpg,trainval,calibration,1,malignant,ground_truth,-0.7455121,-0.6853727,-0.22377546,-0.39474547,-0.51136833,-0.5325453,-0.7127191,-0.63889754
2016,2016.jpg,trainval,calibration,1,malignant,ground_truth,-0.9528975,-1.5937967,-0.053335693,-0.67272735,-2.8303976,-0.44623107,-0.9894971,-3.1457336
2018,2018.jpg,trainval,calibration,1,malignant,ground_truth,0.64074385,-1.531806,-1.0064018,-0.6364939,-2.1391485,2.2157319,0.6097527,-2.459901
2025,2025.jpg,trainval,calibration,1,malignant,ground_truth,0.047082804,-1.2942666,0.3419664,-0.38922286,-1.5816896,1.0088043,0.018452482,-1.8686662
2030,2030.jpg,trainval,calibration,1,malignant,ground_truth,3.9080386,-0.5876863,-0.078418806,0.6250115,1.0495168,0.7204282,5.539183,0.9219626
2031,2031.jpg,trainval,calibration,1,malignant,ground_truth,1.8075453,-0.4915998,-2.517195,0.1197433,-0.77894866,0.053680863,1.0729489,-1.0172879
2053,2053.jpg,trainval,calibration,1,malignant,ground_truth,-0.3724422,0.87982357,-1.4413067,-0.35263872,0.46975946,-0.38721806,-0.5060196,0.87466383
2066,2066.jpg,trainval,calibration,1,malignant,ground_truth,-0.7002741,1.3885936,1.1663518,0.3415049,0.9603234,-0.59659684,-0.64718556,1.0165602
2067,2067.jpg,trainval,calibration,1,malignant,ground_truth,-0.38244456,-0.8437382,0.037432592,-0.5676691,0.7819365,-0.4141265,-0.35790354,0.75641686
2070,2070.jpg,trainval,calibration,1,malignant,ground_truth,-0.9437736,0.66067696,1.6591492,-0.7051686,-0.51136833,0.090942696,-0.94377744,-0.52065057
2078,2078.jpg,trainval,calibration,1,malignant,ground_truth,0.42115808,-1.640632,-0.7734851,-0.68101466,-3.0533812,2.5112057,0.34879994,-3.4295263
2089,2089.jpg,trainval,calibration,1,malignant,ground_truth,-0.48882747,-0.17712267,0.86523324,-0.57592684,-1.0465289,-0.41986042,-0.43450347,-1.0172879
2090,2090.jpg,trainval,calibration,1,malignant,ground_truth,-0.6588913,-1.1143868,-0.12067052,-0.36916804,-1.6931814,-0.5117083,-0.66300577,-1.3483795
2092,2092.jpg,trainval,calibration,1,malignant,ground_truth,-0.9802788,0.9748408,1.4404937,-0.3127447,0.31367096,-0.63029927,-1.0005528,0.78006625
2106,2106.jpg,trainval,calibration,1,malignant,ground_truth,-0.65960956,-0.685462,-0.75757134,-0.23319617,-0.55596507,-0.6005073,-0.69927645,-0.7098457
2113,2113.jpg,trainval,calibration,1,malignant,ground_truth,-0.09674657,-0.768673,-0.17786431,0.1709316,0.87112993,-0.56683,-0.065051965,0.73276746
2115,2115.jpg,trainval,calibration,1,malignant,ground_truth,0.26437196,-0.9784327,-0.93036956,-0.33704707,-0.86814207,-0.4170717,0.17648149,-1.1118854
2116,2116.jpg,trainval,calibration,1,malignant,ground_truth,0.060843416,-0.17804347,-0.24937257,-0.6123421,0.20217916,-0.32834816,0.066267826,0.02328556
2119,2119.jpg,trainval,calibration,1,malignant,ground_truth,0.9853619,0.077505775,0.33758798,0.10561859,1.1164119,-0.4179399,1.286137,1.0165602
2122,2122.jpg,trainval,calibration,1,malignant,ground_truth,-1.119472,1.765467,0.24158339,4.0922747,1.1387103,-0.612938,-1.1491249,1.0165602
2124,2124.jpg,trainval,calibration,1,malignant,ground_truth,-0.31283677,0.0022702934,1.5318189,0.8870278,0.5143562,0.75822735,-0.25306484,0.5908711
2128,2128.jpg,trainval,calibration,1,malignant,ground_truth,-0.6845899,0.75691354,0.5156767,-0.5969938,-0.17689294,-0.14197706,-0.705545,0.18883134
2136,2136.jpg,trainval,calibration,1,malignant,ground_truth,-0.029492646,-0.6066796,1.1958456,-0.29502264,0.7819365,-0.51163167,0.1229711,0.6381699
2146,2146.jpg,trainval,calibration,1,malignant,ground_truth,-0.8419305,-0.1912986,-0.37441334,0.105446726,0.2913726,-0.6116788,-0.8715148,0.80371565
2152,2152.jpg,trainval,calibration,1,malignant,ground_truth,-0.97460014,-0.06429083,0.41168702,-0.47648177,-1.1134241,-0.50099665,-1.0001378,-0.33145538
2155,2155.jpg,trainval,calibration,1,malignant,ground_truth,-0.20499158,-1.7005427,-0.18482853,-0.7132971,-2.3175354,3.378529,-0.2072416,-2.6490963
2156,2156.jpg,trainval,calibration,1,malignant,ground_truth,-0.3036154,-0.8347209,1.1125048,-0.52920395,-0.93503714,-0.49403062,-0.21739396,-1.1118854
2157,2157.jpg,trainval,calibration,1,malignant,ground_truth,-0.4608743,0.18738772,-0.048274916,-0.49992207,-0.73435193,0.35499713,-0.50598586,-0.7098457
2158,2158.jpg,trainval,calibration,1,malignant,ground_truth,-0.9579878,0.41207528,1.3477668,0.3698403,-0.39987653,-0.26313174,-0.98507977,-0.61524814
2162,2162.jpg,trainval,calibration,1,malignant,ground_truth,0.9348465,-0.85966325,-1.0815548,-0.2767277,0.26907423,-0.5194923,0.81299657,0.09423375
2168,2168.jpg,trainval,calibration,1,malignant,ground_truth,-0.54053235,0.10467671,1.2341896,-0.6091137,-1.425601,-0.03974515,-0.5387026,-1.2064831
2169,2169.jpg,trainval,calibration,1,malignant,ground_truth,-0.5489908,0.10170863,1.6833017,-0.45279253,-0.48906997,-0.09159912,-0.4952746,-0.3551048
2183,2183.jpg,trainval,calibration,1,malignant,ground_truth,-1.0041183,-0.16075546,1.8463862,-0.4809113,-0.71205354,-0.5095401,-1.034905,0.4016759
2190,2190.jpg,trainval,calibration,1,malignant,ground_truth,-0.7374974,-0.86072177,1.33565,-0.7179512,-2.295237,-0.34479335,-0.7289493,-2.1761084
2195,2195.jpg,trainval,calibration,1,malignant,ground_truth,-1.0301737,-0.56763494,-0.27038378,0.14915808,1.1387103,-0.3218632,-1.0628953,1.0165602
2197,2197.jpg,trainval,calibration,1,malignant,ground_truth,0.1365407,-0.97783685,-0.3722794,0.059006374,-0.17689294,-0.62845945,0.21693894,-0.3787542
2201,2201.jpg,trainval,calibration,1,malignant,ground_truth,0.008853904,-0.04481853,-0.17202453,0.021408841,-0.020804424,-0.14206612,-0.030914713,-0.071312025
2202,2202.jpg,trainval,calibration,1,malignant,ground_truth,-0.76134235,-1.0429764,0.5886082,-0.49169204,-1.6931814,-0.3505685,-0.76099414,-1.8213674
2207,2207.jpg,trainval,calibration,1,malignant,ground_truth,2.2579627,-1.1871527,1.2006627,-0.44918016,-0.51136833,0.41456357,2.624776,-0.7334951
2218,2218.jpg,trainval,calibration,1,malignant,ground_truth,-1.0932393,-0.963723,-0.6633513,0.42404133,-0.71205354,-0.5138161,-1.1152472,-0.92269033
2233,2233.jpg,trainval,calibration,1,malignant,ground_truth,-1.1443769,-0.5644125,0.6004067,-0.6001716,-1.3364077,-0.5028534,-1.1837986,-0.63889754
2239,2239.jpg,trainval,calibration,1,malignant,ground_truth,1.362201,-0.33765963,-0.67059296,-0.3386016,1.0272185,-0.40209007,1.5298575,0.8983132
2246,2246.jpg,trainval,calibration,1,malignant,ground_truth,-1.1734939,-0.8020988,0.16547482,-0.6002893,-0.801247,-0.67285,-1.1871918,-0.4024036
2260,2260.jpg,trainval,calibration,1,malignant,ground_truth,-1.2238729,-1.3356873,0.83005774,-0.55841565,-1.358706,-0.74092215,-1.2697684,-1.6085228
2265,2265.jpg,trainval,calibration,1,malignant,ground_truth,-1.1693397,0.38437024,1.0123632,2.3912792,0.91572666,-0.67542976,-1.1591302,1.0165602
2269,2269.jpg,trainval,calibration,1,malignant,ground_truth,-0.37253845,-0.42555717,0.14005715,-0.1521855,0.09068737,-0.47315595,-0.33624434,0.02328556
2271,2271.jpg,trainval,calibration,1,malignant,ground_truth,-0.5362473,-1.5516007,-1.303416,-0.5944065,-1.6485846,-0.5975398,-0.64017,-1.9396144
2283,2283.jpg,trainval,calibration,0,benign,ground_truth,-0.38824993,0.6529545,1.7279416,0.05570641,0.5589529,1.4520829,-0.2810677,0.6618193
2288,2288.jpg,trainval,calibration,0,benign,ground_truth,0.20671399,0.42368373,0.84071,1.2261652,0.80423486,-0.37775058,0.20250174,0.6618193
2296,2296.jpg,trainval,calibration,0,benign,ground_truth,2.1639147,0.5268289,-0.49856904,3.4570072,1.1387103,1.0333713,2.274052,1.0165602
2297,2297.jpg,trainval,calibration,0,benign,ground_truth,-0.66058314,0.19709902,0.3739427,-0.7897231,-1.1357224,0.6093731,-0.639979,-0.9699891
2302,2302.jpg,trainval,calibration,0,benign,ground_truth,0.01930944,-0.8064287,0.3546779,0.44189423,1.0718151,-0.5032399,0.05789766,0.945612
2321,2321.jpg,trainval,calibration,0,benign,ground_truth,0.1997247,-1.0959301,-0.1642761,-0.38518602,-0.24378802,-0.6069963,0.20381506,-0.426053
2322,2322.jpg,trainval,calibration,0,benign,ground_truth,0.06382499,-1.1217146,-1.4159411,-0.34812802,-0.97963387,-0.08151964,0.12575772,-1.0882361
2347,2347.jpg,trainval,calibration,0,benign,ground_truth,-0.22328633,-0.14648105,0.5648944,0.17536071,0.3582677,-0.4389123,-0.23395787,0.18883134
2356,2356.jpg,trainval,calibration,0,benign,ground_truth,-0.61072284,-0.6596642,0.6192837,-0.5138848,-1.0688273,-0.41171017,-0.62877303,-1.32473
2365,2365.jpg,trainval,calibration,0,benign,ground_truth,-0.9170992,1.7210001,-0.7487761,0.41910884,0.46975946,-0.5852067,-0.96324897,0.78006625
2374,2374.jpg,trainval,calibration,0,benign,ground_truth,-0.947649,-0.43284827,-0.09428324,-0.46124905,-1.1134241,-0.5670539,-0.96409094,-0.66254693
2384,2384.jpg,trainval,calibration,0,benign,ground_truth,1.0876929,1.0613275,-0.4245016,-0.5681128,0.9603234,1.4051062,1.2069072,0.87466383
2387,2387.jpg,trainval,calibration,0,benign,ground_truth,-1.043099,-0.7731087,1.5015781,-0.7676264,-1.98306,-0.28918916,-1.0490263,-1.7031204
2394,2394.jpg,trainval,calibration,0,benign,ground_truth,-0.5825252,0.19199894,1.1348584,-0.5900538,-0.0876995,-0.4954179,-0.5942583,0.35437712
2396,2396.jpg,trainval,calibration,0,benign,ground_truth,-1.1731088,0.65704,0.8117989,1.9726477,0.3582677,-0.48261666,-1.2034233,0.9929108
2400,2400.jpg,trainval,calibration,0,benign,ground_truth,0.04756992,0.7991149,0.8619262,-0.6911506,0.3582677,-0.028773174,0.23631048,0.4489747
2403,2403.jpg,trainval,calibration,0,benign,ground_truth,-0.6049043,-1.1699761,-0.24351618,-0.3825815,-0.15459459,-0.5827078,-0.6385667,-0.3551048
2409,2409.jpg,trainval,calibration,0,benign,ground_truth,-1.0406957,-0.32441023,-0.52347916,0.6272453,1.0495168,-0.6325582,-1.0545611,0.9219626
2411,2411.jpg,trainval,calibration,0,benign,ground_truth,1.4639626,-0.26202095,0.8316759,1.2388716,1.0272185,-0.08740564,1.6570567,0.8983132
2412,2412.jpg,trainval,calibration,0,benign,ground_truth,-0.636412,1.6471258,-0.44495282,-0.17478555,0.5143562,-0.1567097,-0.6200081,0.87466383
2429,2429.jpg,trainval,calibration,0,benign,ground_truth,-0.67032844,0.3486423,0.58690524,-0.6869675,-0.24378802,-0.39746848,-0.64537907,-0.44970238
2430,2430.jpg,trainval,calibration,0,benign,ground_truth,-0.9979041,-1.0770302,-0.3352496,-0.083792046,-0.89044046,-0.5979554,-1.0069895,-1.0882361
2431,2431.jpg,trainval,calibration,0,benign,ground_truth,1.3206043,0.70090985,-2.016721,-0.78476954,-0.020804424,-0.24434216,1.1662585,-0.11861082
2432,2432.jpg,trainval,calibration,0,benign,ground_truth,0.25273472,-0.12676859,1.6867751,-0.12624143,0.87112993,0.57178503,0.49298725,0.73276746
2439,2439.jpg,trainval,calibration,0,benign,ground_truth,1.4953432,1.6407533,-0.9629186,-0.5477487,0.8934283,0.16370419,1.4873396,1.0165602
2446,2446.jpg,trainval,calibration,0,benign,ground_truth,0.46771517,-1.0152358,0.9257191,-0.21092267,0.20217916,6.423304,0.60048234,0.02328556
2456,2456.jpg,trainval,calibration,0,benign,ground_truth,-0.45856914,0.90638024,-0.23890652,-0.25034228,0.80423486,-0.25125307,-0.49966124,1.0165602
2475,2475.jpg,trainval,calibration,0,benign,ground_truth,0.64895236,2.0673535,-1.6501813,-0.8441952,0.2913726,0.8024908,0.56151086,0.945612
2480,2480.jpg,trainval,calibration,0,benign,ground_truth,1.6309619,-0.8225218,-2.7967227,0.4558292,-0.13229622,0.031948388,1.118754,-0.33145538
2492,2492.jpg,trainval,calibration,0,benign,ground_truth,-1.1045489,0.38100606,-0.67474914,-0.02705625,-1.2026174,-0.4841645,-1.1339194,-0.47335178
2506,2506.jpg,trainval,calibration,0,benign,ground_truth,-1.270868,-1.4425724,1.9126495,-0.6262204,-2.1614468,-0.61125064,-1.2940629,-2.4835505
2512,2512.jpg,trainval,calibration,0,benign,ground_truth,0.8249303,2.992935,-0.868182,-1.1070281,0.69274306,1.1116921,0.8963362,0.6381699
2517,2517.jpg,trainval,calibration,0,benign,ground_truth,1.2979333,1.4542253,-0.8279117,-0.6036928,0.26907423,-0.20776543,1.4317448,0.9929108
2518,2518.jpg,trainval,calibration,0,benign,ground_truth,0.014808285,0.79784983,1.3131877,0.37453985,1.0495168,-0.037051413,0.23499927,1.0165602
2523,2523.jpg,trainval,calibration,0,benign,ground_truth,0.47650003,-0.57286215,0.87589246,0.2252546,-0.10999786,0.37578186,0.5838684,-0.307806
2528,2528.jpg,trainval,calibration,0,benign,ground_truth,-1.1007032,-0.41658458,-0.21835423,0.8431906,0.71504146,-0.61541176,-1.1245375,0.5672217
2531,2531.jpg,trainval,calibration,0,benign,ground_truth,0.64522725,-0.90255773,-0.10485481,-0.31087294,-0.60056174,-0.23007184,0.67593855,-0.82809275
2540,2540.jpg,trainval,calibration,0,benign,ground_truth,-0.5338418,-0.40766254,-0.09910938,-0.5183713,-0.3106831,-0.078596026,-0.5780099,-0.3787542
2558,2558.jpg,trainval,calibration,0,benign,ground_truth,-1.028451,-0.48708087,0.64374673,0.12691258,0.938025,-0.39643088,-0.96156806,1.0165602
2562,2562.jpg,trainval,calibration,0,benign,ground_truth,-0.5988519,-0.008556093,-1.1762522,-0.08188593,0.5589529,-0.46706107,-0.7005756,0.82736504
2568,2568.jpg,trainval,calibration,0,benign,ground_truth,-1.304912,0.13923764,0.53703994,-0.8976317,-1.2026174,-0.42851785,-1.345125,-1.1591843
2571,2571.jpg,trainval,calibration,0,benign,ground_truth,-0.5192952,1.226989,0.21664973,0.25455365,1.1387103,-0.30461538,-0.41691092,1.0165602
2574,2574.jpg,trainval,calibration,0,benign,ground_truth,-0.42464048,-1.1649708,0.6515135,-0.37370032,-1.0465289,-0.56210566,-0.40429735,-1.3010807
2576,2576.jpg,trainval,calibration,0,benign,ground_truth,-0.20520242,-0.4908591,-0.66752607,-0.7734515,-1.6262863,0.43644497,-0.18506388,-1.7740686
2577,2577.jpg,trainval,calibration,0,benign,ground_truth,5.7630653,2.127955,-0.7206358,1.1040158,1.1387103,2.690013,5.9218516,1.0165602
2589,2589.jpg,trainval,calibration,0,benign,ground_truth,-0.70635223,-0.74777323,-0.33020082,0.0516261,1.1387103,-0.61376286,-0.67590964,1.0165602
2602,2602.jpg,trainval,calibration,0,benign,ground_truth,1.8787265,0.9443843,0.1017444,-0.18335965,0.80423486,3.1152499,2.0004947,0.6618193
2620,2620.jpg,trainval,calibration,0,benign,ground_truth,3.563771,-1.400506,-0.44963396,-0.5415662,-1.0911257,4.5573106,3.942417,-1.3483795
2621,2621.jpg,trainval,calibration,0,benign,ground_truth,-0.05300718,-0.90491784,0.8262852,-0.3137318,-0.3106831,1.9840302,-0.025461188,-0.52065057
2625,2625.jpg,trainval,calibration,0,benign,ground_truth,1.0781609,-0.30129594,1.1853111,-0.35852212,-0.13229622,0.6319353,1.2041457,-0.2132084
2628,2628.jpg,trainval,calibration,0,benign,ground_truth,-0.32075134,-0.88660514,-0.7519778,0.12514547,1.0495168,-0.32570833,-0.36536446,0.9219626
2648,2648.jpg,trainval,calibration,0,benign,ground_truth,-1.1092929,-0.90754306,-0.2808909,-0.55982274,-0.9127388,-0.6049575,-1.1415792,-0.54429996
2652,2652.jpg,trainval,calibration,0,benign,ground_truth,0.9139544,-0.5057424,1.1420608,0.212353,-0.62286013,2.3916132,1.0129108,-0.85174215
2654,2654.jpg,trainval,calibration,0,benign,ground_truth,0.6940953,-1.4215324,-2.2157164,-0.7367969,-2.7635026,1.5935407,0.6343972,-3.1220841
2655,2655.jpg,trainval,calibration,0,benign,ground_truth,1.6860496,-0.51035964,-1.9143213,0.44045874,0.80423486,1.4066079,1.246052,0.6618193
2659,2659.jpg,trainval,calibration,0,benign,ground_truth,0.42070585,3.1244206,-0.89337236,-1.815741,1.1387103,1.6138325,0.4525964,1.0165602
2669,2669.jpg,trainval,calibration,0,benign,ground_truth,-0.45596465,-0.21596609,0.075058945,1.023436,0.64814633,-0.28151363,-0.43583792,0.5199229
2670,2670.jpg,trainval,calibration,0,benign,ground_truth,-0.016918313,0.5571481,0.2662537,-0.42488042,0.26907423,-0.42741272,0.106268615,0.18883134
2682,2682.jpg,trainval,calibration,1,malignant,ground_truth,-0.8293374,-1.0797042,1.5636654,-0.41033798,-1.7600764,-0.40193194,-0.8331908,-2.0578613
2701,2701.jpg,trainval,calibration,1,malignant,ground_truth,-0.22194216,0.6490154,1.5361469,0.70486915,1.1164119,-0.31653732,-0.16920209,0.9929108
2732,2732.jpg,trainval,calibration,1,malignant,ground_truth,-1.1456338,-0.07612321,1.4574894,0.7239798,0.46975946,-0.5847264,-1.1854507,1.0165602
2738,2738.jpg,trainval,calibration,1,malignant,ground_truth,-0.24756342,-1.4034811,-0.31875405,-0.5611556,-1.1803191,-0.51937884,-0.22799876,-1.4429771
2741,2741.jpg,trainval,calibration,1,malignant,ground_truth,0.26893234,-0.77431595,-1.2512754,-0.04915505,-0.4221749,0.06575797,0.30826098,-0.63889754
2742,2742.jpg,trainval,calibration,1,malignant,ground_truth,-0.69915545,-0.48635256,0.16419868,-0.35973623,-0.73435193,-0.55567294,-0.6805142,0.25977954
2748,2748.jpg,trainval,calibration,1,malignant,ground_truth,-0.87396896,-1.549136,0.10781934,-0.63878965,-2.2506404,-0.47789055,-0.8852011,-2.5781481
2749,2749.jpg,trainval,calibration,1,malignant,ground_truth,-0.05310275,-1.2711782,0.05490347,-0.5048538,-2.0499551,0.75184625,-0.057152227,-2.3653035
2753,2753.jpg,trainval,calibration,1,malignant,ground_truth,-0.66588455,-0.10146444,-0.32246768,-0.6186559,-0.065401144,-0.29697025,-0.7514156,-0.18955901
2761,2761.jpg,trainval,calibration,1,malignant,ground_truth,-0.9534213,-1.2865514,0.62434393,-0.5491605,-2.1391485,-0.4714998,-0.9848481,-2.459901
2766,2766.jpg,trainval,calibration,1,malignant,ground_truth,-0.75552344,-0.5354458,1.1091619,-0.52717906,-0.4667716,-0.4542887,-0.6784077,-0.6861963
2771,2771.jpg,trainval,calibration,1,malignant,ground_truth,-0.9078244,-0.8254509,1.4866922,-0.5333721,-1.4924961,-0.38170636,-0.9135947,-1.7740686
2777,2777.jpg,trainval,calibration,1,malignant,ground_truth,-1.0401922,-1.062363,-0.24199197,-0.6900767,-2.2506404,-0.43143842,-1.0779722,-2.223407
2782,2782.jpg,trainval,calibration,1,malignant,ground_truth,-1.1339593,-0.1455517,1.907981,1.4770349,-0.15459459,-0.6733644,-1.1539861,-0.3551048
2785,2785.jpg,trainval,calibration,1,malignant,ground_truth,2.2777305,1.5950829,-0.3366764,1.3406996,1.1387103,0.835969,2.2349164,1.0165602
2807,2807.jpg,trainval,calibration,1,malignant,ground_truth,-0.40698627,-0.79607654,0.73513764,1.0016261,1.0049201,0.60352486,-0.33624434,0.87466383
2815,2815.jpg,trainval,calibration,1,malignant,ground_truth,-1.2689693,-0.29777032,1.8840919,-0.7256576,-2.295237,-0.331479,-1.2941706,-2.1051602
2821,2821.jpg,trainval,calibration,1,malignant,ground_truth,0.26520061,-0.53645307,0.7127917,0.20096217,0.87112993,0.3465993,0.3271105,0.73276746
2822,2822.jpg,trainval,calibration,1,malignant,ground_truth,-0.49948922,-0.9645462,0.8426053,-0.34229562,-0.82354534,-0.44909704,-0.4252974,-1.0172879
2835,2835.jpg,trainval,calibration,1,malignant,ground_truth,-1.2831831,-1.1131293,0.7267893,-0.4585479,-1.7600764,-0.67608374,-1.3319594,-1.4666264
2836,2836.jpg,trainval,calibration,1,malignant,ground_truth,-0.75553757,-0.8819546,-1.0005517,-0.5844847,-1.0019323,-0.557076,-0.7819313,-1.1591843
2842,2842.jpg,trainval,calibration,1,malignant,ground_truth,-0.8777996,-0.31028858,-0.32710254,-0.61822915,-1.670883,-0.46904305,-0.8724561,-1.1591843
2850,2850.jpg,trainval,calibration,1,malignant,ground_truth,1.0949883,-0.9506299,-0.85980254,-0.11116238,-0.4221749,0.29426005,1.1032988,-0.63889754
2851,2851.jpg,trainval,calibration,1,malignant,ground_truth,0.9468761,-1.7397047,1.9373227,-0.7346827,-3.1648731,11.292246,1.2338402,-3.5477734
2857,2857.jpg,trainval,calibration,1,malignant,ground_truth,-0.6955369,-0.42099294,0.7684394,-0.38184917,-0.62286013,-0.104294926,-0.703709,-0.66254693
2859,2859.jpg,trainval,calibration,1,malignant,ground_truth,-0.46576932,-1.4366746,0.41842723,-0.577096,-2.6297123,0.571926,-0.42092428,-2.980188
2860,2860.jpg,trainval,calibration,1,malignant,ground_truth,1.6008927,-0.9205592,0.3041748,-0.25872934,-0.60056174,1.1193651,1.761892,-0.82809275
2861,2861.jpg,trainval,calibration,1,malignant,ground_truth,-0.33217418,-1.0168139,0.9847012,-0.33417696,0.87112993,-0.53639215,-0.2704197,0.73276746
2877,2877.jpg,trainval,calibration,1,malignant,ground_truth,-0.86174273,-1.3041112,1.7963867,-0.57680964,-1.916165,-0.65191025,-0.7198654,-2.223407
2878,2878.jpg,trainval,calibration,1,malignant,ground_truth,-1.0633153,0.26522246,1.1638232,-0.62564206,-0.5336667,-0.5064163,-1.0926951,-0.7571445
